,Age group,Gender,Medium of School ,Conv_diff,Speak_diff,Write_diff,Read_diff,MT_influence,Lect_diff,Movie_Nosub,Movie_sub,Learning_feel,Switch_diff,work_india,Work_abroad,Study_other,Friend_diff,Learning_difficulty_index,LDI_Level,Read_skill,Write_skill,Speak_skill,Lect_skill,conv_skill,Read_skill_gap,Write_skill_gap,Speak_skill_gap,Lect_skill_gap,conv_skill_gap,core_Skill_Gap,Gap_Level,LDI_cluster,cluster
0,15-19,Male,English medium,2,5,3,2,4,1,2,1,2,1,4,4,4,3,2.6,Medium,3,2,0,4,3,0.7999999999999998,1.7999999999999998,3.8,-0.20000000000000018,0.7999999999999998,1.4,Medium Gap,2,2
1,20-25,Female,English medium,2,3,1,2,3,1,3,1,1,1,2,3,2,2,1.8,Low,3,4,2,4,3,0.7999999999999998,-0.20000000000000018,1.7999999999999998,-0.20000000000000018,0.7999999999999998,0.5999999999999999,Low Gap,1,1
2,20-25,Male,English medium,1,1,1,1,1,1,1,1,5,5,4,4,4,5,1.0,Low,4,4,4,4,4,-0.20000000000000018,-0.20000000000000018,-0.20000000000000018,-0.20000000000000018,-0.20000000000000018,-0.20000000000000018,Low Gap,1,1
3,20-25,Male,English medium,1,4,1,1,3,1,2,1,2,1,4,4,4,3,1.6,Low,4,4,1,4,4,-0.20000000000000018,-0.20000000000000018,2.8,-0.20000000000000018,-0.20000000000000018,0.3999999999999998,Low Gap,1,1
4,20-25,Male,English medium,1,4,3,1,1,1,2,1,2,1,4,4,3,3,2.0,Medium,4,2,1,4,4,-0.20000000000000018,1.7999999999999998,2.8,-0.20000000000000018,-0.20000000000000018,0.7999999999999998,Low Gap,2,2
5,15-19,Female,English medium,3,3,2,1,3,3,4,3,3,5,4,4,4,3,2.4,Medium,4,3,2,2,2,-0.20000000000000018,0.7999999999999998,1.7999999999999998,1.7999999999999998,1.7999999999999998,1.1999999999999997,Medium Gap,2,2
6,15-19,Male,English medium,1,2,1,1,1,1,1,1,1,1,1,1,1,1,1.2,Low,4,4,3,4,4,-0.20000000000000018,-0.20000000000000018,0.7999999999999998,-0.20000000000000018,-0.20000000000000018,-1.7763568394002506e-16,Low Gap,1,1
7,20-25,Male,English medium,1,2,1,2,2,1,1,1,1,1,1,1,1,1,1.4,Low,3,4,3,4,4,0.7999999999999998,-0.20000000000000018,0.7999999999999998,-0.20000000000000018,-0.20000000000000018,0.19999999999999982,Low Gap,1,1
8,15-19,Female,English medium,1,1,1,1,1,1,1,1,1,1,1,1,1,1,1.0,Low,4,4,4,4,4,-0.20000000000000018,-0.20000000000000018,-0.20000000000000018,-0.20000000000000018,-0.20000000000000018,-0.20000000000000018,Low Gap,1,1
9,20-25,Male,English medium,1,1,1,1,1,1,1,1,1,1,1,1,1,1,1.0,Low,4,4,4,4,4,-0.20000000000000018,-0.20000000000000018,-0.20000000000000018,-0.20000000000000018,-0.20000000000000018,-0.20000000000000018,Low Gap,1,1
10,20-25,Male,English medium,1,1,1,1,1,1,1,1,1,1,1,1,1,1,1.0,Low,4,4,4,4,4,-0.20000000000000018,-0.20000000000000018,-0.20000000000000018,-0.20000000000000018,-0.20000000000000018,-0.20000000000000018,Low Gap,1,1
11,20-25,Male,English medium,1,2,1,1,1,1,1,1,1,1,1,1,1,1,1.2,Low,4,4,3,4,4,-0.20000000000000018,-0.20000000000000018,0.7999999999999998,-0.20000000000000018,-0.20000000000000018,-1.7763568394002506e-16,Low Gap,1,1
12,15-19,Male,English medium,5,5,5,5,5,5,5,5,5,5,5,5,5,5,5.0,High,0,0,0,0,0,3.8,3.8,3.8,3.8,3.8,3.8,High Gap,0,0
13,15-19,Male,English medium,1,1,1,1,1,1,1,1,1,1,1,1,1,1,1.0,Low,4,4,4,4,4,-0.20000000000000018,-0.20000000000000018,-0.20000000000000018,-0.20000000000000018,-0.20000000000000018,-0.20000000000000018,Low Gap,1,1
14,20-25,Male,English medium,2,4,2,2,3,2,3,3,3,3,3,3,2,2,2.4,Medium,3,3,1,3,3,0.7999999999999998,0.7999999999999998,2.8,0.7999999999999998,0.7999999999999998,1.1999999999999997,Medium Gap,2,2
15,15-19,Female,English medium,1,2,1,2,1,3,1,1,2,4,5,5,3,1,1.8,Low,3,4,3,2,4,0.7999999999999998,-0.20000000000000018,0.7999999999999998,1.7999999999999998,-0.20000000000000018,0.5999999999999999,Low Gap,1,1
16,15-19,Female,English medium,1,2,2,1,1,2,2,3,3,1,1,4,5,4,1.6,Low,4,3,3,3,4,-0.20000000000000018,0.7999999999999998,0.7999999999999998,0.7999999999999998,-0.20000000000000018,0.3999999999999998,Low Gap,1,1
17,15-19,Male,English medium,5,1,2,2,3,2,1,1,1,3,4,5,5,1,2.4,Medium,3,3,4,3,0,0.7999999999999998,0.7999999999999998,-0.20000000000000018,0.7999999999999998,3.8,1.1999999999999997,Medium Gap,2,2
18,15-19,Female,English medium,1,1,2,4,1,2,3,1,1,1,1,2,2,2,2.0,Medium,1,3,4,3,4,2.8,0.7999999999999998,-0.20000000000000018,0.7999999999999998,-0.20000000000000018,0.7999999999999998,Low Gap,2,1
19,20-25,Female,English medium,3,3,4,3,3,3,3,3,3,3,3,3,3,3,3.2,Medium,2,1,2,2,2,1.7999999999999998,2.8,1.7999999999999998,1.7999999999999998,1.7999999999999998,2.0,Medium Gap,0,2
20,15-19,Male,English medium,3,3,3,3,3,3,3,3,3,3,3,3,3,3,3.0,Medium,2,2,2,2,2,1.7999999999999998,1.7999999999999998,1.7999999999999998,1.7999999999999998,1.7999999999999998,1.8,Medium Gap,0,2
21,20-25,Male,Telugu medium,3,3,2,2,2,2,3,2,3,3,3,2,2,3,2.4,Medium,3,3,2,3,2,0.7999999999999998,0.7999999999999998,1.7999999999999998,0.7999999999999998,1.7999999999999998,1.1999999999999997,Medium Gap,2,2
22,15-19,Female,English medium,1,1,1,1,1,1,1,1,5,1,4,4,4,3,1.0,Low,4,4,4,4,4,-0.20000000000000018,-0.20000000000000018,-0.20000000000000018,-0.20000000000000018,-0.20000000000000018,-0.20000000000000018,Low Gap,1,1
23,15-19,Female,English medium,2,3,4,2,3,3,5,3,1,3,3,4,3,3,2.8,Medium,3,1,2,2,3,0.7999999999999998,2.8,1.7999999999999998,1.7999999999999998,0.7999999999999998,1.5999999999999999,Medium Gap,2,2
24,15-19,Male,English medium,2,2,2,2,2,2,3,2,2,2,2,2,2,2,2.0,Medium,3,3,3,3,3,0.7999999999999998,0.7999999999999998,0.7999999999999998,0.7999999999999998,0.7999999999999998,0.7999999999999998,Low Gap,2,1
25,15-19,Female,English medium,2,4,2,2,2,2,4,4,1,2,4,4,4,2,2.4,Medium,3,3,1,3,3,0.7999999999999998,0.7999999999999998,2.8,0.7999999999999998,0.7999999999999998,1.1999999999999997,Medium Gap,2,2
26,15-19,Female,English medium,2,3,2,1,3,2,3,2,2,3,2,3,1,2,2.0,Medium,4,3,2,3,3,-0.20000000000000018,0.7999999999999998,1.7999999999999998,0.7999999999999998,0.7999999999999998,0.7999999999999998,Low Gap,2,1
27,15-19,Female,English medium,2,4,3,2,3,2,3,3,3,4,3,4,4,3,2.6,Medium,3,2,1,3,3,0.7999999999999998,1.7999999999999998,2.8,0.7999999999999998,0.7999999999999998,1.4,Medium Gap,2,2
28,15-19,Female,English medium,2,4,1,1,2,2,1,1,1,1,1,1,1,1,2.0,Medium,4,4,1,3,3,-0.20000000000000018,-0.20000000000000018,2.8,0.7999999999999998,0.7999999999999998,0.7999999999999998,Low Gap,2,1
29,20-25,Male,English medium,2,3,2,1,3,2,2,1,2,4,4,4,3,4,2.0,Medium,4,3,2,3,3,-0.20000000000000018,0.7999999999999998,1.7999999999999998,0.7999999999999998,0.7999999999999998,0.7999999999999998,Low Gap,2,1
30,15-19,Male,English medium,2,3,2,2,4,3,4,3,4,3,4,4,4,2,2.4,Medium,3,3,2,2,3,0.7999999999999998,0.7999999999999998,1.7999999999999998,1.7999999999999998,0.7999999999999998,1.1999999999999997,Medium Gap,2,2
31,15-19,Male,English medium,3,5,5,4,4,4,5,4,5,4,4,4,5,3,4.2,High,1,0,0,1,2,2.8,3.8,3.8,2.8,1.7999999999999998,3.0,High Gap,0,0
32,15-19,Female,English medium,1,4,2,1,5,2,3,1,2,1,1,4,5,5,2.0,Medium,4,3,1,3,4,-0.20000000000000018,0.7999999999999998,2.8,0.7999999999999998,-0.20000000000000018,0.7999999999999998,Low Gap,2,1
33,15-19,Male,English medium,2,4,3,3,4,3,5,3,2,3,2,3,3,3,3.0,Medium,2,2,1,2,3,1.7999999999999998,1.7999999999999998,2.8,1.7999999999999998,0.7999999999999998,1.8,Medium Gap,0,2
34,15-19,Male,English medium,1,3,1,1,2,2,2,1,1,1,1,1,1,1,1.6,Low,4,4,2,3,4,-0.20000000000000018,-0.20000000000000018,1.7999999999999998,0.7999999999999998,-0.20000000000000018,0.3999999999999998,Low Gap,1,1
35,15-19,Female,English medium,2,4,1,1,3,2,2,1,2,3,4,3,3,1,2.0,Medium,4,4,1,3,3,-0.20000000000000018,-0.20000000000000018,2.8,0.7999999999999998,0.7999999999999998,0.7999999999999998,Low Gap,2,1
36,20-25,Male,English medium,1,1,1,3,2,4,3,1,4,4,1,1,4,2,2.0,Medium,2,4,4,1,4,1.7999999999999998,-0.20000000000000018,-0.20000000000000018,2.8,-0.20000000000000018,0.7999999999999998,Low Gap,2,1
37,20-25,Female,Telugu medium,4,4,3,2,2,2,2,3,4,4,2,2,2,2,3.0,Medium,3,2,1,3,1,0.7999999999999998,1.7999999999999998,2.8,0.7999999999999998,2.8,1.8,Medium Gap,0,2
38,15-19,Male,English medium,2,1,1,1,1,1,1,1,1,1,1,1,1,1,1.2,Low,4,4,4,4,3,-0.20000000000000018,-0.20000000000000018,-0.20000000000000018,-0.20000000000000018,0.7999999999999998,-1.7763568394002506e-16,Low Gap,1,1
39,15-19,Male,English medium,1,1,1,1,1,1,1,1,1,1,1,1,1,1,1.0,Low,4,4,4,4,4,-0.20000000000000018,-0.20000000000000018,-0.20000000000000018,-0.20000000000000018,-0.20000000000000018,-0.20000000000000018,Low Gap,1,1
40,15-19,Female,English medium,3,3,2,2,2,2,2,2,3,4,4,4,2,2,2.4,Medium,3,3,2,3,2,0.7999999999999998,0.7999999999999998,1.7999999999999998,0.7999999999999998,1.7999999999999998,1.1999999999999997,Medium Gap,2,2
41,15-19,Female,English medium,3,3,5,1,3,1,2,4,1,3,1,4,2,1,2.6,Medium,4,0,2,4,2,-0.20000000000000018,3.8,1.7999999999999998,-0.20000000000000018,1.7999999999999998,1.4,Medium Gap,2,2
42,15-19,Male,Both,3,3,1,2,4,5,4,3,4,3,4,2,2,1,2.8,Medium,3,4,2,0,2,0.7999999999999998,-0.20000000000000018,1.7999999999999998,3.8,1.7999999999999998,1.5999999999999999,Medium Gap,2,2
43,20-25,Male,Both,4,3,3,3,4,2,4,3,3,4,4,3,5,3,3.0,Medium,2,2,2,3,1,1.7999999999999998,1.7999999999999998,1.7999999999999998,0.7999999999999998,2.8,1.8,Medium Gap,0,2
44,20-25,Male,Both,3,2,3,2,2,2,2,2,2,2,3,2,3,2,2.4,Medium,3,2,3,3,2,0.7999999999999998,1.7999999999999998,0.7999999999999998,0.7999999999999998,1.7999999999999998,1.1999999999999997,Medium Gap,2,2
45,20-25,Female,English medium,1,1,1,1,2,1,1,2,1,1,2,2,3,5,1.0,Low,4,4,4,4,4,-0.20000000000000018,-0.20000000000000018,-0.20000000000000018,-0.20000000000000018,-0.20000000000000018,-0.20000000000000018,Low Gap,1,1
46,20-25,Male,English medium,4,3,4,4,3,3,3,3,3,3,3,3,3,3,3.6,High,1,1,2,2,1,2.8,2.8,1.7999999999999998,1.7999999999999998,2.8,2.4,High Gap,0,0
47,20-25,Male,English medium,2,3,2,2,3,2,2,3,3,3,4,4,3,4,2.2,Medium,3,3,2,3,3,0.7999999999999998,0.7999999999999998,1.7999999999999998,0.7999999999999998,0.7999999999999998,0.9999999999999998,Low Gap,2,2
48,20-25,Male,English medium,2,3,1,1,2,3,3,1,2,2,4,5,5,4,2.0,Medium,4,4,2,2,3,-0.20000000000000018,-0.20000000000000018,1.7999999999999998,1.7999999999999998,0.7999999999999998,0.7999999999999998,Low Gap,2,1
49,20-25,Male,English medium,2,3,2,2,3,2,3,1,3,3,3,4,4,1,2.2,Medium,3,3,2,3,3,0.7999999999999998,0.7999999999999998,1.7999999999999998,0.7999999999999998,0.7999999999999998,0.9999999999999998,Low Gap,2,2
50,20-25,Male,English medium,1,2,2,1,2,1,3,1,2,1,1,3,1,2,1.4,Low,4,3,3,4,4,-0.20000000000000018,0.7999999999999998,0.7999999999999998,-0.20000000000000018,-0.20000000000000018,0.19999999999999982,Low Gap,1,1
51,20-25,Male,English medium,2,3,1,2,2,2,4,2,2,3,2,2,2,2,2.0,Medium,3,4,2,3,3,0.7999999999999998,-0.20000000000000018,1.7999999999999998,0.7999999999999998,0.7999999999999998,0.7999999999999998,Low Gap,2,1
52,20-25,Male,English medium,4,3,2,3,2,1,3,2,3,4,2,3,2,2,2.6,Medium,2,3,2,4,1,1.7999999999999998,0.7999999999999998,1.7999999999999998,-0.20000000000000018,2.8,1.4,Medium Gap,2,2
53,20-25,Female,English medium,2,3,1,2,2,2,2,2,2,2,3,3,3,2,2.0,Medium,3,4,2,3,3,0.7999999999999998,-0.20000000000000018,1.7999999999999998,0.7999999999999998,0.7999999999999998,0.7999999999999998,Low Gap,2,1
54,20-25,Male,English medium,4,3,2,4,3,4,3,2,3,4,3,4,4,4,3.4,Medium,1,3,2,1,1,2.8,0.7999999999999998,1.7999999999999998,2.8,2.8,2.2,High Gap,0,0
55,20-25,Male,English medium,1,2,1,1,2,1,2,1,2,3,4,5,4,3,1.2,Low,4,4,3,4,4,-0.20000000000000018,-0.20000000000000018,0.7999999999999998,-0.20000000000000018,-0.20000000000000018,-1.7763568394002506e-16,Low Gap,1,1
56,15-19,Female,English medium,2,3,3,2,4,3,3,2,3,4,4,4,3,2,2.6,Medium,3,2,2,2,3,0.7999999999999998,1.7999999999999998,1.7999999999999998,1.7999999999999998,0.7999999999999998,1.4,Medium Gap,2,2
57,20-25,Male,Both,1,2,2,2,1,2,1,1,1,1,5,5,2,2,1.8,Low,3,3,3,3,4,0.7999999999999998,0.7999999999999998,0.7999999999999998,0.7999999999999998,-0.20000000000000018,0.5999999999999999,Low Gap,1,1
58,15-19,Male,English medium,3,3,3,3,4,3,3,3,3,3,3,3,3,3,3.0,Medium,2,2,2,2,2,1.7999999999999998,1.7999999999999998,1.7999999999999998,1.7999999999999998,1.7999999999999998,1.8,Medium Gap,0,2
59,20-25,Male,English medium,1,1,1,1,1,1,2,1,1,1,1,1,1,1,1.0,Low,4,4,4,4,4,-0.20000000000000018,-0.20000000000000018,-0.20000000000000018,-0.20000000000000018,-0.20000000000000018,-0.20000000000000018,Low Gap,1,1
60,20-25,Male,Both,2,3,2,1,1,3,3,3,2,4,2,2,1,4,2.2,Medium,4,3,2,2,3,-0.20000000000000018,0.7999999999999998,1.7999999999999998,1.7999999999999998,0.7999999999999998,0.9999999999999998,Low Gap,2,2
61,20-25,Male,English medium,3,3,3,2,2,2,2,1,5,1,2,3,3,3,2.6,Medium,3,2,2,3,2,0.7999999999999998,1.7999999999999998,1.7999999999999998,0.7999999999999998,1.7999999999999998,1.4,Medium Gap,2,2
62,20-25,Male,English medium,1,1,1,1,1,4,1,1,1,1,1,1,1,1,1.6,Low,4,4,4,1,4,-0.20000000000000018,-0.20000000000000018,-0.20000000000000018,2.8,-0.20000000000000018,0.3999999999999998,Low Gap,1,1
63,20-25,Male,English medium,1,1,2,1,2,1,2,1,1,1,3,3,3,3,1.2,Low,4,3,4,4,4,-0.20000000000000018,0.7999999999999998,-0.20000000000000018,-0.20000000000000018,-0.20000000000000018,-1.7763568394002506e-16,Low Gap,1,1
64,15-19,Male,English medium,3,3,3,3,3,3,3,3,3,3,3,3,3,3,3.0,Medium,2,2,2,2,2,1.7999999999999998,1.7999999999999998,1.7999999999999998,1.7999999999999998,1.7999999999999998,1.8,Medium Gap,0,2
65,20-25,Male,English medium,3,3,3,3,3,3,3,3,3,3,3,3,3,3,3.0,Medium,2,2,2,2,2,1.7999999999999998,1.7999999999999998,1.7999999999999998,1.7999999999999998,1.7999999999999998,1.8,Medium Gap,0,2
66,Above 25,Male,English medium,1,1,1,1,1,1,1,1,1,1,1,1,1,1,1.0,Low,4,4,4,4,4,-0.20000000000000018,-0.20000000000000018,-0.20000000000000018,-0.20000000000000018,-0.20000000000000018,-0.20000000000000018,Low Gap,1,1
67,20-25,Male,English medium,2,1,2,2,2,2,2,1,1,5,3,3,2,2,1.8,Low,3,3,4,3,3,0.7999999999999998,0.7999999999999998,-0.20000000000000018,0.7999999999999998,0.7999999999999998,0.5999999999999999,Low Gap,1,1
68,20-25,Male,English medium,2,2,1,1,3,1,2,1,2,2,3,3,3,2,1.4,Low,4,4,3,4,3,-0.20000000000000018,-0.20000000000000018,0.7999999999999998,-0.20000000000000018,0.7999999999999998,0.19999999999999982,Low Gap,1,1
69,20-25,Male,English medium,5,5,5,5,5,5,5,5,4,5,5,5,5,5,5.0,High,0,0,0,0,0,3.8,3.8,3.8,3.8,3.8,3.8,High Gap,0,0
70,under 10,Male,English medium,3,2,4,4,4,2,1,2,3,5,4,4,3,2,3.0,Medium,1,1,3,3,2,2.8,2.8,0.7999999999999998,0.7999999999999998,1.7999999999999998,1.8,Medium Gap,0,2
71,20-25,Male,English medium,1,2,2,1,1,1,2,1,2,3,2,2,2,2,1.4,Low,4,3,3,4,4,-0.20000000000000018,0.7999999999999998,0.7999999999999998,-0.20000000000000018,-0.20000000000000018,0.19999999999999982,Low Gap,1,1
72,15-19,Female,English medium,3,4,3,3,3,3,3,3,3,3,3,3,3,3,3.2,Medium,2,2,1,2,2,1.7999999999999998,1.7999999999999998,2.8,1.7999999999999998,1.7999999999999998,2.0,Medium Gap,0,2
73,15-19,Female,English medium,3,2,2,1,3,2,2,3,3,3,4,4,4,4,2.0,Medium,4,3,3,3,2,-0.20000000000000018,0.7999999999999998,0.7999999999999998,0.7999999999999998,1.7999999999999998,0.7999999999999998,Low Gap,2,1
74,20-25,Male,English medium,1,1,1,1,1,1,1,1,1,1,1,1,1,1,1.0,Low,4,4,4,4,4,-0.20000000000000018,-0.20000000000000018,-0.20000000000000018,-0.20000000000000018,-0.20000000000000018,-0.20000000000000018,Low Gap,1,1
75,20-25,Male,Telugu medium,3,3,2,1,3,2,3,4,4,5,2,4,3,4,2.2,Medium,4,3,2,3,2,-0.20000000000000018,0.7999999999999998,1.7999999999999998,0.7999999999999998,1.7999999999999998,0.9999999999999998,Low Gap,2,2
76,20-25,Male,English medium,5,3,3,3,4,4,4,3,3,4,4,4,3,4,3.6,High,2,2,2,1,0,1.7999999999999998,1.7999999999999998,1.7999999999999998,2.8,3.8,2.4,High Gap,0,0
77,under 10,Female,English medium,3,3,3,3,3,3,3,3,4,4,2,2,3,3,3.0,Medium,2,2,2,2,2,1.7999999999999998,1.7999999999999998,1.7999999999999998,1.7999999999999998,1.7999999999999998,1.8,Medium Gap,0,2
78,20-25,Male,English medium,1,1,1,1,1,1,2,1,1,1,2,2,2,2,1.0,Low,4,4,4,4,4,-0.20000000000000018,-0.20000000000000018,-0.20000000000000018,-0.20000000000000018,-0.20000000000000018,-0.20000000000000018,Low Gap,1,1
79,20-25,Male,English medium,1,2,1,1,3,2,1,1,2,2,3,2,2,1,1.4,Low,4,4,3,3,4,-0.20000000000000018,-0.20000000000000018,0.7999999999999998,0.7999999999999998,-0.20000000000000018,0.19999999999999982,Low Gap,1,1
80,15-19,Female,English medium,2,2,2,2,2,2,2,3,2,3,3,4,3,2,2.0,Medium,3,3,3,3,3,0.7999999999999998,0.7999999999999998,0.7999999999999998,0.7999999999999998,0.7999999999999998,0.7999999999999998,Low Gap,2,1
81,15-19,Female,English medium,3,2,2,2,3,4,3,3,4,4,3,3,4,4,2.6,Medium,3,3,3,1,2,0.7999999999999998,0.7999999999999998,0.7999999999999998,2.8,1.7999999999999998,1.4,Medium Gap,2,2
82,15-19,Female,English medium,2,3,4,3,4,3,4,4,3,3,2,3,3,3,3.0,Medium,2,1,2,2,3,1.7999999999999998,2.8,1.7999999999999998,1.7999999999999998,0.7999999999999998,1.8,Medium Gap,0,2
83,10-14,Male,English medium,2,2,2,2,2,2,2,2,2,2,2,2,2,2,2.0,Medium,3,3,3,3,3,0.7999999999999998,0.7999999999999998,0.7999999999999998,0.7999999999999998,0.7999999999999998,0.7999999999999998,Low Gap,2,1
84,20-25,Male,Both,2,4,3,3,3,4,3,3,2,4,4,3,5,4,3.2,Medium,2,2,1,1,3,1.7999999999999998,1.7999999999999998,2.8,2.8,0.7999999999999998,2.0,Medium Gap,0,2
85,20-25,Female,Both,1,3,1,1,2,1,2,2,1,1,4,4,3,5,1.4,Low,4,4,2,4,4,-0.20000000000000018,-0.20000000000000018,1.7999999999999998,-0.20000000000000018,-0.20000000000000018,0.19999999999999982,Low Gap,1,1
86,20-25,Male,English medium,1,1,1,1,1,1,1,1,1,1,1,1,1,1,1.0,Low,4,4,4,4,4,-0.20000000000000018,-0.20000000000000018,-0.20000000000000018,-0.20000000000000018,-0.20000000000000018,-0.20000000000000018,Low Gap,1,1
87,20-25,Female,Telugu medium,2,3,4,3,4,4,3,4,2,5,5,4,3,3,3.2,Medium,2,1,2,1,3,1.7999999999999998,2.8,1.7999999999999998,2.8,0.7999999999999998,2.0,Medium Gap,0,2
88,15-19,Female,English medium,2,3,1,1,2,1,2,1,2,3,3,2,3,4,1.6,Low,4,4,2,4,3,-0.20000000000000018,-0.20000000000000018,1.7999999999999998,-0.20000000000000018,0.7999999999999998,0.3999999999999998,Low Gap,1,1
89,20-25,Female,English medium,3,3,3,3,3,3,3,2,2,2,3,3,3,2,3.0,Medium,2,2,2,2,2,1.7999999999999998,1.7999999999999998,1.7999999999999998,1.7999999999999998,1.7999999999999998,1.8,Medium Gap,0,2
90,20-25,Female,Telugu medium,3,4,3,3,3,3,4,3,4,5,4,3,3,3,3.2,Medium,2,2,1,2,2,1.7999999999999998,1.7999999999999998,2.8,1.7999999999999998,1.7999999999999998,2.0,Medium Gap,0,2
91,20-25,Female,English medium,1,4,1,1,4,1,3,1,3,3,3,3,3,3,1.6,Low,4,4,1,4,4,-0.20000000000000018,-0.20000000000000018,2.8,-0.20000000000000018,-0.20000000000000018,0.3999999999999998,Low Gap,1,1
92,15-19,Male,English medium,1,1,2,2,3,2,2,2,1,1,1,1,1,1,1.6,Low,3,3,4,3,4,0.7999999999999998,0.7999999999999998,-0.20000000000000018,0.7999999999999998,-0.20000000000000018,0.3999999999999998,Low Gap,1,1
93,20-25,Male,English medium,1,2,1,1,2,1,2,1,4,1,1,1,1,2,1.2,Low,4,4,3,4,4,-0.20000000000000018,-0.20000000000000018,0.7999999999999998,-0.20000000000000018,-0.20000000000000018,-1.7763568394002506e-16,Low Gap,1,1
94,20-25,Male,English medium,4,4,2,4,5,5,5,5,5,5,5,5,5,5,3.8,High,1,3,1,0,1,2.8,0.7999999999999998,2.8,3.8,2.8,2.6,High Gap,0,0
95,20-25,Female,English medium,2,3,2,1,3,2,4,3,3,3,3,3,3,4,2.0,Medium,4,3,2,3,3,-0.20000000000000018,0.7999999999999998,1.7999999999999998,0.7999999999999998,0.7999999999999998,0.7999999999999998,Low Gap,2,1
96,Above 25,Male,English medium,1,1,1,1,1,1,1,1,1,1,1,1,1,1,1.0,Low,4,4,4,4,4,-0.20000000000000018,-0.20000000000000018,-0.20000000000000018,-0.20000000000000018,-0.20000000000000018,-0.20000000000000018,Low Gap,1,1
97,20-25,Male,English medium,1,3,1,1,1,1,2,1,5,1,2,1,1,1,1.4,Low,4,4,2,4,4,-0.20000000000000018,-0.20000000000000018,1.7999999999999998,-0.20000000000000018,-0.20000000000000018,0.19999999999999982,Low Gap,1,1
98,20-25,Male,English medium,3,1,1,1,3,2,3,1,1,2,3,3,3,3,1.6,Low,4,4,4,3,2,-0.20000000000000018,-0.20000000000000018,-0.20000000000000018,0.7999999999999998,1.7999999999999998,0.3999999999999998,Low Gap,1,1
99,20-25,Female,Telugu medium,2,2,1,1,2,2,3,2,1,2,3,1,3,1,1.6,Low,4,4,3,3,3,-0.20000000000000018,-0.20000000000000018,0.7999999999999998,0.7999999999999998,0.7999999999999998,0.3999999999999998,Low Gap,1,1
100,20-25,Female,English medium,2,2,2,3,3,3,4,3,3,4,4,4,4,2,2.4,Medium,2,3,3,2,3,1.7999999999999998,0.7999999999999998,0.7999999999999998,1.7999999999999998,0.7999999999999998,1.1999999999999997,Medium Gap,2,2
101,20-25,Male,Telugu medium,1,2,2,1,3,2,2,2,1,4,2,3,2,2,1.6,Low,4,3,3,3,4,-0.20000000000000018,0.7999999999999998,0.7999999999999998,0.7999999999999998,-0.20000000000000018,0.3999999999999998,Low Gap,1,1
102,20-25,Male,Telugu medium,1,2,3,3,4,2,5,3,2,2,2,3,4,2,2.2,Medium,2,2,3,3,4,1.7999999999999998,1.7999999999999998,0.7999999999999998,0.7999999999999998,-0.20000000000000018,0.9999999999999998,Low Gap,2,2
103,20-25,Male,Telugu medium,4,5,3,4,4,4,4,5,4,4,5,4,4,3,4.0,High,1,2,0,1,1,2.8,1.7999999999999998,3.8,2.8,2.8,2.8,High Gap,0,0
104,20-25,Male,English medium,3,2,3,3,2,3,2,5,3,3,3,3,2,3,2.8,Medium,2,2,3,2,2,1.7999999999999998,1.7999999999999998,0.7999999999999998,1.7999999999999998,1.7999999999999998,1.5999999999999999,Medium Gap,2,2
105,20-25,Female,English medium,3,3,2,2,3,2,3,2,4,3,3,3,4,4,2.4,Medium,3,3,2,3,2,0.7999999999999998,0.7999999999999998,1.7999999999999998,0.7999999999999998,1.7999999999999998,1.1999999999999997,Medium Gap,2,2
106,20-25,Male,English medium,1,1,1,1,1,1,1,1,5,1,1,1,1,2,1.0,Low,4,4,4,4,4,-0.20000000000000018,-0.20000000000000018,-0.20000000000000018,-0.20000000000000018,-0.20000000000000018,-0.20000000000000018,Low Gap,1,1
107,15-19,Male,English medium,1,2,2,2,2,2,3,2,3,1,4,4,4,3,1.8,Low,3,3,3,3,4,0.7999999999999998,0.7999999999999998,0.7999999999999998,0.7999999999999998,-0.20000000000000018,0.5999999999999999,Low Gap,1,1
108,15-19,Male,English medium,1,1,1,1,1,1,3,1,2,2,4,4,3,2,1.0,Low,4,4,4,4,4,-0.20000000000000018,-0.20000000000000018,-0.20000000000000018,-0.20000000000000018,-0.20000000000000018,-0.20000000000000018,Low Gap,1,1
109,20-25,Male,English medium,2,2,2,1,2,2,3,1,3,2,1,2,2,2,1.8,Low,4,3,3,3,3,-0.20000000000000018,0.7999999999999998,0.7999999999999998,0.7999999999999998,0.7999999999999998,0.5999999999999999,Low Gap,1,1
110,15-19,Male,English medium,2,2,1,2,1,1,4,2,1,3,1,3,2,2,1.6,Low,3,4,3,4,3,0.7999999999999998,-0.20000000000000018,0.7999999999999998,-0.20000000000000018,0.7999999999999998,0.3999999999999998,Low Gap,1,1
111,20-25,Female,English medium,1,2,2,1,3,2,4,3,2,3,3,3,4,3,1.6,Low,4,3,3,3,4,-0.20000000000000018,0.7999999999999998,0.7999999999999998,0.7999999999999998,-0.20000000000000018,0.3999999999999998,Low Gap,1,1
112,15-19,Male,English medium,3,2,2,2,3,2,3,3,3,4,3,3,3,2,2.2,Medium,3,3,3,3,2,0.7999999999999998,0.7999999999999998,0.7999999999999998,0.7999999999999998,1.7999999999999998,0.9999999999999998,Low Gap,2,2
113,20-25,Male,English medium,3,3,1,1,3,1,2,1,1,3,1,1,1,2,1.8,Low,4,4,2,4,2,-0.20000000000000018,-0.20000000000000018,1.7999999999999998,-0.20000000000000018,1.7999999999999998,0.5999999999999999,Low Gap,1,1
114,15-19,Male,English medium,2,3,2,2,2,1,2,1,2,1,2,2,2,1,2.0,Medium,3,3,2,4,3,0.7999999999999998,0.7999999999999998,1.7999999999999998,-0.20000000000000018,0.7999999999999998,0.7999999999999998,Low Gap,2,1
115,20-25,Male,English medium,2,2,3,2,3,2,3,2,3,2,3,3,2,2,2.2,Medium,3,2,3,3,3,0.7999999999999998,1.7999999999999998,0.7999999999999998,0.7999999999999998,0.7999999999999998,0.9999999999999998,Low Gap,2,2
116,20-25,Male,English medium,1,3,5,3,2,4,1,2,3,4,5,5,4,3,3.2,Medium,2,0,2,1,4,1.7999999999999998,3.8,1.7999999999999998,2.8,-0.20000000000000018,2.0,Medium Gap,0,2
117,20-25,Male,English medium,2,2,1,1,2,1,3,2,4,4,2,2,3,3,1.4,Low,4,4,3,4,3,-0.20000000000000018,-0.20000000000000018,0.7999999999999998,-0.20000000000000018,0.7999999999999998,0.19999999999999982,Low Gap,1,1
118,20-25,Male,English medium,5,3,4,3,4,3,5,3,2,4,4,4,4,4,3.6,High,2,1,2,2,0,1.7999999999999998,2.8,1.7999999999999998,1.7999999999999998,3.8,2.4,High Gap,0,0
119,20-25,Male,English medium,5,5,5,5,5,5,5,4,5,5,5,5,5,5,5.0,High,0,0,0,0,0,3.8,3.8,3.8,3.8,3.8,3.8,High Gap,0,0
120,20-25,Male,English medium,2,3,1,1,3,1,3,1,3,4,3,3,3,2,1.6,Low,4,4,2,4,3,-0.20000000000000018,-0.20000000000000018,1.7999999999999998,-0.20000000000000018,0.7999999999999998,0.3999999999999998,Low Gap,1,1
121,20-25,Male,English medium,3,2,2,2,4,3,3,2,2,3,3,3,2,2,2.4,Medium,3,3,3,2,2,0.7999999999999998,0.7999999999999998,0.7999999999999998,1.7999999999999998,1.7999999999999998,1.1999999999999997,Medium Gap,2,2
122,15-19,Male,English medium,5,5,5,4,4,4,5,5,2,5,5,5,4,2,4.6,High,1,0,0,1,0,2.8,3.8,3.8,2.8,3.8,3.4,High Gap,0,0
123,15-19,Male,English medium,3,3,3,3,3,3,2,4,3,4,2,5,3,2,3.0,Medium,2,2,2,2,2,1.7999999999999998,1.7999999999999998,1.7999999999999998,1.7999999999999998,1.7999999999999998,1.8,Medium Gap,0,2
124,15-19,Male,English medium,3,4,3,3,3,3,5,3,3,3,3,3,3,3,3.2,Medium,2,2,1,2,2,1.7999999999999998,1.7999999999999998,2.8,1.7999999999999998,1.7999999999999998,2.0,Medium Gap,0,2
125,15-19,Male,English medium,3,3,4,3,3,3,3,3,3,3,3,3,3,3,3.2,Medium,2,1,2,2,2,1.7999999999999998,2.8,1.7999999999999998,1.7999999999999998,1.7999999999999998,2.0,Medium Gap,0,2
126,20-25,Male,English medium,3,3,3,3,3,3,3,3,4,4,2,1,3,3,3.0,Medium,2,2,2,2,2,1.7999999999999998,1.7999999999999998,1.7999999999999998,1.7999999999999998,1.7999999999999998,1.8,Medium Gap,0,2
127,15-19,Male,Both,2,4,3,3,4,3,3,2,4,4,4,4,4,4,3.0,Medium,2,2,1,2,3,1.7999999999999998,1.7999999999999998,2.8,1.7999999999999998,0.7999999999999998,1.8,Medium Gap,0,2
128,15-19,Male,English medium,3,4,3,3,4,4,5,2,4,4,4,4,4,4,3.4,Medium,2,2,1,1,2,1.7999999999999998,1.7999999999999998,2.8,2.8,1.7999999999999998,2.2,High Gap,0,0
129,20-25,Male,English medium,1,1,1,1,1,1,2,1,4,1,1,2,2,2,1.0,Low,4,4,4,4,4,-0.20000000000000018,-0.20000000000000018,-0.20000000000000018,-0.20000000000000018,-0.20000000000000018,-0.20000000000000018,Low Gap,1,1
130,15-19,Male,English medium,1,1,1,1,1,1,1,1,1,1,1,1,1,1,1.0,Low,4,4,4,4,4,-0.20000000000000018,-0.20000000000000018,-0.20000000000000018,-0.20000000000000018,-0.20000000000000018,-0.20000000000000018,Low Gap,1,1
131,15-19,Male,English medium,4,3,4,5,3,4,2,4,4,1,3,3,3,2,4.0,High,0,1,2,1,1,3.8,2.8,1.7999999999999998,2.8,2.8,2.8,High Gap,0,0
132,20-25,Male,English medium,1,1,1,1,1,1,1,1,1,1,1,3,2,1,1.0,Low,4,4,4,4,4,-0.20000000000000018,-0.20000000000000018,-0.20000000000000018,-0.20000000000000018,-0.20000000000000018,-0.20000000000000018,Low Gap,1,1
133,15-19,Male,Both,1,4,3,3,1,5,4,3,2,1,1,1,2,3,3.2,Medium,2,2,1,0,4,1.7999999999999998,1.7999999999999998,2.8,3.8,-0.20000000000000018,2.0,Medium Gap,0,2
134,20-25,Male,English medium,1,4,3,2,3,2,4,1,5,5,3,5,5,5,2.4,Medium,3,2,1,3,4,0.7999999999999998,1.7999999999999998,2.8,0.7999999999999998,-0.20000000000000018,1.1999999999999997,Medium Gap,2,2
135,15-19,Male,Both,1,1,1,1,1,1,1,1,1,1,1,1,1,1,1.0,Low,4,4,4,4,4,-0.20000000000000018,-0.20000000000000018,-0.20000000000000018,-0.20000000000000018,-0.20000000000000018,-0.20000000000000018,Low Gap,1,1
136,10-14,Male,English medium,1,1,1,1,2,1,1,1,2,1,1,2,1,1,1.0,Low,4,4,4,4,4,-0.20000000000000018,-0.20000000000000018,-0.20000000000000018,-0.20000000000000018,-0.20000000000000018,-0.20000000000000018,Low Gap,1,1
137,15-19,Female,English medium,1,2,1,1,2,2,4,2,2,5,4,4,4,3,1.4,Low,4,4,3,3,4,-0.20000000000000018,-0.20000000000000018,0.7999999999999998,0.7999999999999998,-0.20000000000000018,0.19999999999999982,Low Gap,1,1
138,20-25,Male,English medium,1,1,1,1,1,1,1,1,5,1,3,3,2,4,1.0,Low,4,4,4,4,4,-0.20000000000000018,-0.20000000000000018,-0.20000000000000018,-0.20000000000000018,-0.20000000000000018,-0.20000000000000018,Low Gap,1,1
139,15-19,Male,Both,1,2,1,2,2,4,1,1,3,1,1,3,4,2,2.0,Medium,3,4,3,1,4,0.7999999999999998,-0.20000000000000018,0.7999999999999998,2.8,-0.20000000000000018,0.7999999999999998,Low Gap,2,1
140,20-25,Male,Both,1,2,1,1,1,1,1,1,3,3,2,2,2,3,1.2,Low,4,4,3,4,4,-0.20000000000000018,-0.20000000000000018,0.7999999999999998,-0.20000000000000018,-0.20000000000000018,-1.7763568394002506e-16,Low Gap,1,1
141,15-19,Male,English medium,1,4,1,1,3,1,1,1,1,1,3,3,2,3,1.6,Low,4,4,1,4,4,-0.20000000000000018,-0.20000000000000018,2.8,-0.20000000000000018,-0.20000000000000018,0.3999999999999998,Low Gap,1,1
142,15-19,Female,English medium,1,3,1,1,3,1,2,1,5,1,2,4,3,2,1.4,Low,4,4,2,4,4,-0.20000000000000018,-0.20000000000000018,1.7999999999999998,-0.20000000000000018,-0.20000000000000018,0.19999999999999982,Low Gap,1,1
143,15-19,Female,English medium,1,1,1,1,1,1,1,1,1,1,1,1,1,1,1.0,Low,4,4,4,4,4,-0.20000000000000018,-0.20000000000000018,-0.20000000000000018,-0.20000000000000018,-0.20000000000000018,-0.20000000000000018,Low Gap,1,1
144,15-19,Female,English medium,1,1,2,2,3,5,3,4,1,3,1,1,2,1,2.2,Medium,3,3,4,0,4,0.7999999999999998,0.7999999999999998,-0.20000000000000018,3.8,-0.20000000000000018,0.9999999999999998,Low Gap,2,2
145,15-19,Female,English medium,1,2,1,1,3,1,2,2,1,1,3,2,3,3,1.2,Low,4,4,3,4,4,-0.20000000000000018,-0.20000000000000018,0.7999999999999998,-0.20000000000000018,-0.20000000000000018,-1.7763568394002506e-16,Low Gap,1,1
146,15-19,Male,English medium,1,1,1,1,1,1,1,1,1,1,1,1,1,1,1.0,Low,4,4,4,4,4,-0.20000000000000018,-0.20000000000000018,-0.20000000000000018,-0.20000000000000018,-0.20000000000000018,-0.20000000000000018,Low Gap,1,1
147,15-19,Female,English medium,1,2,1,1,1,1,2,2,1,1,1,1,2,2,1.2,Low,4,4,3,4,4,-0.20000000000000018,-0.20000000000000018,0.7999999999999998,-0.20000000000000018,-0.20000000000000018,-1.7763568394002506e-16,Low Gap,1,1
148,15-19,Female,English medium,4,4,4,4,4,4,4,4,4,4,4,4,4,4,4.0,High,1,1,1,1,1,2.8,2.8,2.8,2.8,2.8,2.8,High Gap,0,0
149,15-19,Female,English medium,1,3,2,3,3,3,3,3,3,3,3,3,3,3,2.4,Medium,2,3,2,2,4,1.7999999999999998,0.7999999999999998,1.7999999999999998,1.7999999999999998,-0.20000000000000018,1.1999999999999997,Medium Gap,2,2
150,15-19,Male,English medium,2,2,2,1,3,2,4,3,2,3,2,3,3,2,1.8,Low,4,3,3,3,3,-0.20000000000000018,0.7999999999999998,0.7999999999999998,0.7999999999999998,0.7999999999999998,0.5999999999999999,Low Gap,1,1
151,15-19,Male,English medium,2,3,2,2,2,2,3,2,2,2,2,3,2,3,2.2,Medium,3,3,2,3,3,0.7999999999999998,0.7999999999999998,1.7999999999999998,0.7999999999999998,0.7999999999999998,0.9999999999999998,Low Gap,2,2
152,10-14,Male,English medium,3,3,3,3,3,3,3,3,3,3,3,3,3,3,3.0,Medium,2,2,2,2,2,1.7999999999999998,1.7999999999999998,1.7999999999999998,1.7999999999999998,1.7999999999999998,1.8,Medium Gap,0,2
153,20-25,Female,Both,2,2,2,2,2,2,2,2,2,3,3,3,3,3,2.0,Medium,3,3,3,3,3,0.7999999999999998,0.7999999999999998,0.7999999999999998,0.7999999999999998,0.7999999999999998,0.7999999999999998,Low Gap,2,1
154,20-25,Male,English medium,5,5,5,5,5,5,5,5,5,5,5,5,5,5,5.0,High,0,0,0,0,0,3.8,3.8,3.8,3.8,3.8,3.8,High Gap,0,0
155,20-25,Male,English medium,1,1,1,1,3,1,2,1,3,3,1,2,1,3,1.0,Low,4,4,4,4,4,-0.20000000000000018,-0.20000000000000018,-0.20000000000000018,-0.20000000000000018,-0.20000000000000018,-0.20000000000000018,Low Gap,1,1
156,15-19,Female,Telugu medium,4,4,4,4,4,4,5,5,4,4,4,4,4,4,4.0,High,1,1,1,1,1,2.8,2.8,2.8,2.8,2.8,2.8,High Gap,0,0
157,15-19,Female,English medium,4,4,4,4,4,4,4,4,4,4,4,4,4,4,4.0,High,1,1,1,1,1,2.8,2.8,2.8,2.8,2.8,2.8,High Gap,0,0
158,20-25,Female,English medium,2,3,4,4,3,3,3,3,5,3,3,3,3,3,3.2,Medium,1,1,2,2,3,2.8,2.8,1.7999999999999998,1.7999999999999998,0.7999999999999998,2.0,Medium Gap,0,2
159,15-19,Female,English medium,3,3,3,3,3,3,3,3,3,3,3,3,3,3,3.0,Medium,2,2,2,2,2,1.7999999999999998,1.7999999999999998,1.7999999999999998,1.7999999999999998,1.7999999999999998,1.8,Medium Gap,0,2
160,15-19,Male,English medium,1,1,1,1,1,1,1,1,1,1,1,1,1,1,1.0,Low,4,4,4,4,4,-0.20000000000000018,-0.20000000000000018,-0.20000000000000018,-0.20000000000000018,-0.20000000000000018,-0.20000000000000018,Low Gap,1,1
161,15-19,Female,English medium,1,2,3,2,3,3,4,3,3,3,4,4,4,3,2.2,Medium,3,2,3,2,4,0.7999999999999998,1.7999999999999998,0.7999999999999998,1.7999999999999998,-0.20000000000000018,0.9999999999999998,Low Gap,2,2
162,20-25,Male,English medium,3,2,3,3,3,4,2,2,3,3,2,2,2,2,3.0,Medium,2,2,3,1,2,1.7999999999999998,1.7999999999999998,0.7999999999999998,2.8,1.7999999999999998,1.8,Medium Gap,0,2
163,20-25,Female,Telugu medium,4,4,4,4,4,5,2,3,4,4,4,3,3,3,4.2,High,1,1,1,0,1,2.8,2.8,2.8,3.8,2.8,3.0,High Gap,0,0
164,15-19,Male,Both,3,3,3,2,5,3,5,5,5,5,5,3,2,5,2.8,Medium,3,2,2,2,2,0.7999999999999998,1.7999999999999998,1.7999999999999998,1.7999999999999998,1.7999999999999998,1.5999999999999999,Medium Gap,2,2
165,20-25,Female,English medium,2,3,1,2,2,2,2,1,5,3,1,3,1,3,2.0,Medium,3,4,2,3,3,0.7999999999999998,-0.20000000000000018,1.7999999999999998,0.7999999999999998,0.7999999999999998,0.7999999999999998,Low Gap,2,1
166,15-19,Female,English medium,3,2,2,2,2,3,2,1,3,3,2,3,3,3,2.4,Medium,3,3,3,2,2,0.7999999999999998,0.7999999999999998,0.7999999999999998,1.7999999999999998,1.7999999999999998,1.1999999999999997,Medium Gap,2,2
167,15-19,Female,English medium,3,2,2,2,1,1,2,3,3,3,2,3,2,2,2.0,Medium,3,3,3,4,2,0.7999999999999998,0.7999999999999998,0.7999999999999998,-0.20000000000000018,1.7999999999999998,0.7999999999999998,Low Gap,2,1
168,15-19,Male,English medium,1,1,2,2,2,3,4,2,2,3,4,4,3,3,1.8,Low,3,3,4,2,4,0.7999999999999998,0.7999999999999998,-0.20000000000000018,1.7999999999999998,-0.20000000000000018,0.5999999999999999,Low Gap,1,1
169,15-19,Male,English medium,1,1,1,1,1,1,1,1,1,1,4,3,3,2,1.0,Low,4,4,4,4,4,-0.20000000000000018,-0.20000000000000018,-0.20000000000000018,-0.20000000000000018,-0.20000000000000018,-0.20000000000000018,Low Gap,1,1
170,20-25,Male,English medium,4,4,4,3,5,3,5,4,3,5,5,5,4,4,3.6,High,2,1,1,2,1,1.7999999999999998,2.8,2.8,1.7999999999999998,2.8,2.4,High Gap,0,0
171,15-19,Female,English medium,1,1,1,1,1,1,1,1,1,1,1,1,1,1,1.0,Low,4,4,4,4,4,-0.20000000000000018,-0.20000000000000018,-0.20000000000000018,-0.20000000000000018,-0.20000000000000018,-0.20000000000000018,Low Gap,1,1
172,15-19,Male,English medium,1,3,2,1,1,1,2,1,2,1,3,3,3,4,1.6,Low,4,3,2,4,4,-0.20000000000000018,0.7999999999999998,1.7999999999999998,-0.20000000000000018,-0.20000000000000018,0.3999999999999998,Low Gap,1,1
173,15-19,Male,English medium,3,3,3,3,3,3,3,3,3,3,3,4,3,3,3.0,Medium,2,2,2,2,2,1.7999999999999998,1.7999999999999998,1.7999999999999998,1.7999999999999998,1.7999999999999998,1.8,Medium Gap,0,2
174,20-25,Female,English medium,2,2,1,3,2,2,1,1,2,2,3,3,2,2,2.0,Medium,2,4,3,3,3,1.7999999999999998,-0.20000000000000018,0.7999999999999998,0.7999999999999998,0.7999999999999998,0.7999999999999998,Low Gap,2,1
175,20-25,Male,English medium,1,3,2,2,3,1,2,1,5,2,1,4,4,4,1.8,Low,3,3,2,4,4,0.7999999999999998,0.7999999999999998,1.7999999999999998,-0.20000000000000018,-0.20000000000000018,0.5999999999999999,Low Gap,1,1
176,20-25,Male,English medium,2,3,4,3,3,2,4,3,2,5,4,4,3,3,2.8,Medium,2,1,2,3,3,1.7999999999999998,2.8,1.7999999999999998,0.7999999999999998,0.7999999999999998,1.5999999999999999,Medium Gap,2,2
177,15-19,Male,English medium,1,2,3,3,4,4,4,4,2,2,2,2,3,2,2.6,Medium,2,2,3,1,4,1.7999999999999998,1.7999999999999998,0.7999999999999998,2.8,-0.20000000000000018,1.4,Medium Gap,2,2
178,20-25,Male,English medium,1,2,3,1,2,3,3,3,2,3,3,3,3,2,2.0,Medium,4,2,3,2,4,-0.20000000000000018,1.7999999999999998,0.7999999999999998,1.7999999999999998,-0.20000000000000018,0.7999999999999998,Low Gap,2,2
179,15-19,Male,English medium,2,3,2,2,2,1,3,2,2,2,3,3,3,2,2.0,Medium,3,3,2,4,3,0.7999999999999998,0.7999999999999998,1.7999999999999998,-0.20000000000000018,0.7999999999999998,0.7999999999999998,Low Gap,2,1
180,20-25,Male,English medium,3,5,3,4,5,3,5,4,3,5,5,5,4,4,3.6,High,1,2,0,2,2,2.8,1.7999999999999998,3.8,1.7999999999999998,1.7999999999999998,2.4,High Gap,0,0
181,20-25,Male,English medium,3,3,1,1,2,3,3,3,1,3,3,3,3,2,2.2,Medium,4,4,2,2,2,-0.20000000000000018,-0.20000000000000018,1.7999999999999998,1.7999999999999998,1.7999999999999998,0.9999999999999998,Low Gap,2,2
182,20-25,Male,English medium,3,4,2,4,3,3,4,4,5,3,3,4,3,4,3.2,Medium,1,3,1,2,2,2.8,0.7999999999999998,2.8,1.7999999999999998,1.7999999999999998,2.0,Medium Gap,0,0
183,20-25,Male,English medium,1,1,1,1,1,1,5,1,5,5,5,5,1,2,1.0,Low,4,4,4,4,4,-0.20000000000000018,-0.20000000000000018,-0.20000000000000018,-0.20000000000000018,-0.20000000000000018,-0.20000000000000018,Low Gap,1,1
184,20-25,Female,English medium,2,3,3,3,3,2,3,1,3,3,3,3,3,3,2.6,Medium,2,2,2,3,3,1.7999999999999998,1.7999999999999998,1.7999999999999998,0.7999999999999998,0.7999999999999998,1.4,Medium Gap,2,2
185,20-25,Male,English medium,1,3,1,1,2,2,4,3,5,2,3,3,3,2,1.6,Low,4,4,2,3,4,-0.20000000000000018,-0.20000000000000018,1.7999999999999998,0.7999999999999998,-0.20000000000000018,0.3999999999999998,Low Gap,1,1
186,15-19,Male,English medium,3,3,2,1,2,2,3,2,3,4,4,4,3,2,2.2,Medium,4,3,2,3,2,-0.20000000000000018,0.7999999999999998,1.7999999999999998,0.7999999999999998,1.7999999999999998,0.9999999999999998,Low Gap,2,2
187,20-25,Male,Both,2,2,1,2,2,2,4,3,2,3,2,2,2,2,1.8,Low,3,4,3,3,3,0.7999999999999998,-0.20000000000000018,0.7999999999999998,0.7999999999999998,0.7999999999999998,0.5999999999999999,Low Gap,1,1
188,20-25,Male,English medium,1,1,1,1,2,1,4,2,2,1,4,3,3,3,1.0,Low,4,4,4,4,4,-0.20000000000000018,-0.20000000000000018,-0.20000000000000018,-0.20000000000000018,-0.20000000000000018,-0.20000000000000018,Low Gap,1,1
189,15-19,Male,English medium,1,1,1,1,1,1,1,1,2,1,1,3,1,2,1.0,Low,4,4,4,4,4,-0.20000000000000018,-0.20000000000000018,-0.20000000000000018,-0.20000000000000018,-0.20000000000000018,-0.20000000000000018,Low Gap,1,1
190,15-19,Male,English medium,1,2,1,2,2,1,2,1,3,1,1,1,1,3,1.4,Low,3,4,3,4,4,0.7999999999999998,-0.20000000000000018,0.7999999999999998,-0.20000000000000018,-0.20000000000000018,0.19999999999999982,Low Gap,1,1
191,Above 25,Male,English medium,3,2,2,2,3,4,2,3,2,3,1,2,4,4,2.6,Medium,3,3,3,1,2,0.7999999999999998,0.7999999999999998,0.7999999999999998,2.8,1.7999999999999998,1.4,Medium Gap,2,2
192,15-19,Female,English medium,3,2,2,2,3,2,2,2,4,2,2,3,3,2,2.2,Medium,3,3,3,3,2,0.7999999999999998,0.7999999999999998,0.7999999999999998,0.7999999999999998,1.7999999999999998,0.9999999999999998,Low Gap,2,2
193,20-25,Female,English medium,3,3,4,3,3,3,5,4,5,5,5,5,5,5,3.2,Medium,2,1,2,2,2,1.7999999999999998,2.8,1.7999999999999998,1.7999999999999998,1.7999999999999998,2.0,Medium Gap,0,2
194,15-19,Female,English medium,1,1,3,1,1,1,5,5,3,3,3,3,4,1,1.4,Low,4,2,4,4,4,-0.20000000000000018,1.7999999999999998,-0.20000000000000018,-0.20000000000000018,-0.20000000000000018,0.19999999999999982,Low Gap,1,1
195,15-19,Female,English medium,4,5,4,3,4,3,5,4,3,4,5,3,5,4,3.8,High,2,1,0,2,1,1.7999999999999998,2.8,3.8,1.7999999999999998,2.8,2.6,High Gap,0,0
196,15-19,Female,English medium,1,1,1,1,1,1,5,5,3,3,3,3,3,3,1.0,Low,4,4,4,4,4,-0.20000000000000018,-0.20000000000000018,-0.20000000000000018,-0.20000000000000018,-0.20000000000000018,-0.20000000000000018,Low Gap,1,1
197,15-19,Female,Telugu medium,3,3,1,2,4,4,5,4,3,4,4,3,5,3,2.6,Medium,3,4,2,1,2,0.7999999999999998,-0.20000000000000018,1.7999999999999998,2.8,1.7999999999999998,1.4,Medium Gap,2,2
198,15-19,Female,Telugu medium,2,3,3,2,2,2,4,3,3,3,3,3,2,3,2.4,Medium,3,2,2,3,3,0.7999999999999998,1.7999999999999998,1.7999999999999998,0.7999999999999998,0.7999999999999998,1.1999999999999997,Medium Gap,2,2
199,Above 25,Male,Telugu medium,5,5,5,5,5,5,5,5,5,5,5,5,5,5,5.0,High,0,0,0,0,0,3.8,3.8,3.8,3.8,3.8,3.8,High Gap,0,0
200,15-19,Male,Telugu medium,5,5,5,5,5,5,5,5,5,5,5,5,5,5,5.0,High,0,0,0,0,0,3.8,3.8,3.8,3.8,3.8,3.8,High Gap,0,0
201,20-25,Male,Both,3,4,4,3,3,3,5,3,3,4,4,4,4,4,3.4,Medium,2,1,1,2,2,1.7999999999999998,2.8,2.8,1.7999999999999998,1.7999999999999998,2.2,High Gap,0,0
202,20-25,Female,English medium,1,2,1,1,2,2,2,1,3,1,2,3,4,1,1.4,Low,4,4,3,3,4,-0.20000000000000018,-0.20000000000000018,0.7999999999999998,0.7999999999999998,-0.20000000000000018,0.19999999999999982,Low Gap,1,1
203,20-25,Male,English medium,3,3,3,2,3,2,3,3,2,4,3,3,3,2,2.6,Medium,3,2,2,3,2,0.7999999999999998,1.7999999999999998,1.7999999999999998,0.7999999999999998,1.7999999999999998,1.4,Medium Gap,2,2
204,15-19,Male,English medium,2,3,1,1,2,2,4,3,2,2,4,3,3,2,1.8,Low,4,4,2,3,3,-0.20000000000000018,-0.20000000000000018,1.7999999999999998,0.7999999999999998,0.7999999999999998,0.5999999999999999,Low Gap,1,1
205,15-19,Female,English medium,3,3,3,3,3,3,3,3,3,3,3,3,3,3,3.0,Medium,2,2,2,2,2,1.7999999999999998,1.7999999999999998,1.7999999999999998,1.7999999999999998,1.7999999999999998,1.8,Medium Gap,0,2
206,20-25,Male,English medium,1,1,1,1,1,1,1,1,1,1,4,2,3,2,1.0,Low,4,4,4,4,4,-0.20000000000000018,-0.20000000000000018,-0.20000000000000018,-0.20000000000000018,-0.20000000000000018,-0.20000000000000018,Low Gap,1,1
207,10-14,Male,English medium,2,2,2,2,2,2,2,2,2,2,2,2,2,2,2.0,Medium,3,3,3,3,3,0.7999999999999998,0.7999999999999998,0.7999999999999998,0.7999999999999998,0.7999999999999998,0.7999999999999998,Low Gap,2,1
208,Above 25,Male,English medium,1,3,3,1,3,3,4,1,4,3,2,1,1,1,2.2,Medium,4,2,2,2,4,-0.20000000000000018,1.7999999999999998,1.7999999999999998,1.7999999999999998,-0.20000000000000018,0.9999999999999998,Low Gap,2,2
209,20-25,Female,English medium,1,1,1,1,1,1,1,1,1,1,1,1,1,1,1.0,Low,4,4,4,4,4,-0.20000000000000018,-0.20000000000000018,-0.20000000000000018,-0.20000000000000018,-0.20000000000000018,-0.20000000000000018,Low Gap,1,1
210,20-25,Male,English medium,2,3,2,2,2,2,2,2,2,2,2,2,2,2,2.2,Medium,3,3,2,3,3,0.7999999999999998,0.7999999999999998,1.7999999999999998,0.7999999999999998,0.7999999999999998,0.9999999999999998,Low Gap,2,2
211,20-25,Male,English medium,1,3,3,3,3,3,2,3,3,3,3,3,3,3,2.6,Medium,2,2,2,2,4,1.7999999999999998,1.7999999999999998,1.7999999999999998,1.7999999999999998,-0.20000000000000018,1.4,Medium Gap,2,2
212,20-25,Male,English medium,1,1,1,1,1,1,1,1,1,1,1,1,1,1,1.0,Low,4,4,4,4,4,-0.20000000000000018,-0.20000000000000018,-0.20000000000000018,-0.20000000000000018,-0.20000000000000018,-0.20000000000000018,Low Gap,1,1
213,Above 25,Female,Telugu medium,1,1,1,1,1,1,2,2,2,4,1,2,2,2,1.0,Low,4,4,4,4,4,-0.20000000000000018,-0.20000000000000018,-0.20000000000000018,-0.20000000000000018,-0.20000000000000018,-0.20000000000000018,Low Gap,1,1
214,20-25,Male,English medium,2,3,2,2,3,2,3,1,2,2,3,2,2,3,2.2,Medium,3,3,2,3,3,0.7999999999999998,0.7999999999999998,1.7999999999999998,0.7999999999999998,0.7999999999999998,0.9999999999999998,Low Gap,2,2
215,15-19,Female,English medium,2,2,2,4,2,3,2,4,1,4,3,3,3,3,2.6,Medium,1,3,3,2,3,2.8,0.7999999999999998,0.7999999999999998,1.7999999999999998,0.7999999999999998,1.4,Medium Gap,2,2
216,15-19,Female,English medium,1,2,4,3,5,3,5,5,5,3,3,3,3,1,2.6,Medium,2,1,3,2,4,1.7999999999999998,2.8,0.7999999999999998,1.7999999999999998,-0.20000000000000018,1.4,Medium Gap,2,2
217,15-19,Male,English medium,1,1,1,1,1,1,1,1,5,1,5,5,3,3,1.0,Low,4,4,4,4,4,-0.20000000000000018,-0.20000000000000018,-0.20000000000000018,-0.20000000000000018,-0.20000000000000018,-0.20000000000000018,Low Gap,1,1
218,20-25,Female,English medium,1,1,1,1,1,1,2,1,1,1,1,1,1,1,1.0,Low,4,4,4,4,4,-0.20000000000000018,-0.20000000000000018,-0.20000000000000018,-0.20000000000000018,-0.20000000000000018,-0.20000000000000018,Low Gap,1,1
219,15-19,Female,English medium,2,3,2,2,2,3,2,2,2,3,2,3,3,2,2.4,Medium,3,3,2,2,3,0.7999999999999998,0.7999999999999998,1.7999999999999998,1.7999999999999998,0.7999999999999998,1.1999999999999997,Medium Gap,2,2
220,15-19,Female,English medium,2,3,2,3,2,3,3,2,2,3,2,2,3,3,2.6,Medium,2,3,2,2,3,1.7999999999999998,0.7999999999999998,1.7999999999999998,1.7999999999999998,0.7999999999999998,1.4,Medium Gap,2,2
221,15-19,Female,English medium,2,3,2,3,2,3,2,3,3,2,3,2,3,2,2.6,Medium,2,3,2,2,3,1.7999999999999998,0.7999999999999998,1.7999999999999998,1.7999999999999998,0.7999999999999998,1.4,Medium Gap,2,2
222,15-19,Female,English medium,2,2,2,2,2,2,2,2,2,2,2,2,2,2,2.0,Medium,3,3,3,3,3,0.7999999999999998,0.7999999999999998,0.7999999999999998,0.7999999999999998,0.7999999999999998,0.7999999999999998,Low Gap,2,1
223,20-25,Male,English medium,1,1,2,1,2,2,3,2,2,3,4,5,4,3,1.4,Low,4,3,4,3,4,-0.20000000000000018,0.7999999999999998,-0.20000000000000018,0.7999999999999998,-0.20000000000000018,0.19999999999999982,Low Gap,1,1
224,15-19,Male,English medium,2,2,2,2,2,2,2,2,2,2,5,5,5,5,2.0,Medium,3,3,3,3,3,0.7999999999999998,0.7999999999999998,0.7999999999999998,0.7999999999999998,0.7999999999999998,0.7999999999999998,Low Gap,2,1
225,15-19,Female,English medium,1,2,1,2,2,1,3,1,2,1,2,2,2,1,1.4,Low,3,4,3,4,4,0.7999999999999998,-0.20000000000000018,0.7999999999999998,-0.20000000000000018,-0.20000000000000018,0.19999999999999982,Low Gap,1,1
226,10-14,Male,English medium,3,3,4,4,4,4,4,4,3,4,3,3,4,3,3.6,High,1,1,2,1,2,2.8,2.8,1.7999999999999998,2.8,1.7999999999999998,2.4,High Gap,0,0
227,10-14,Male,English medium,3,3,4,3,3,4,4,3,3,4,4,4,4,3,3.4,Medium,2,1,2,1,2,1.7999999999999998,2.8,1.7999999999999998,2.8,1.7999999999999998,2.2,High Gap,0,0
228,10-14,Female,English medium,4,4,4,4,3,4,4,4,3,3,4,4,4,3,4.0,High,1,1,1,1,1,2.8,2.8,2.8,2.8,2.8,2.8,High Gap,0,0
229,20-25,Male,English medium,4,4,4,5,3,3,4,3,3,3,4,3,3,4,4.0,High,0,1,1,2,1,3.8,2.8,2.8,1.7999999999999998,2.8,2.8,High Gap,0,0
230,20-25,Male,English medium,2,3,3,2,2,2,2,1,4,3,2,2,2,2,2.4,Medium,3,2,2,3,3,0.7999999999999998,1.7999999999999998,1.7999999999999998,0.7999999999999998,0.7999999999999998,1.1999999999999997,Medium Gap,2,2
231,15-19,Male,English medium,1,2,4,1,1,2,3,1,2,3,1,2,1,2,2.0,Medium,4,1,3,3,4,-0.20000000000000018,2.8,0.7999999999999998,0.7999999999999998,-0.20000000000000018,0.7999999999999998,Low Gap,2,2
232,15-19,Female,English medium,3,3,3,4,4,3,4,3,3,5,4,4,4,4,3.2,Medium,1,2,2,2,2,2.8,1.7999999999999998,1.7999999999999998,1.7999999999999998,1.7999999999999998,2.0,Medium Gap,0,0
233,10-14,Male,English medium,2,2,2,2,2,2,2,2,2,2,2,2,2,2,2.0,Medium,3,3,3,3,3,0.7999999999999998,0.7999999999999998,0.7999999999999998,0.7999999999999998,0.7999999999999998,0.7999999999999998,Low Gap,2,1
234,20-25,Male,English medium,1,2,2,2,2,1,3,1,1,1,2,2,2,1,1.6,Low,3,3,3,4,4,0.7999999999999998,0.7999999999999998,0.7999999999999998,-0.20000000000000018,-0.20000000000000018,0.3999999999999998,Low Gap,1,1
235,15-19,Male,Both,1,1,1,1,1,1,2,1,1,1,2,2,1,1,1.0,Low,4,4,4,4,4,-0.20000000000000018,-0.20000000000000018,-0.20000000000000018,-0.20000000000000018,-0.20000000000000018,-0.20000000000000018,Low Gap,1,1
236,15-19,Female,English medium,2,2,2,2,2,2,2,2,2,2,2,3,2,2,2.0,Medium,3,3,3,3,3,0.7999999999999998,0.7999999999999998,0.7999999999999998,0.7999999999999998,0.7999999999999998,0.7999999999999998,Low Gap,2,1
237,15-19,Female,English medium,2,2,1,1,2,2,3,3,2,3,3,4,4,2,1.6,Low,4,4,3,3,3,-0.20000000000000018,-0.20000000000000018,0.7999999999999998,0.7999999999999998,0.7999999999999998,0.3999999999999998,Low Gap,1,1
238,15-19,Female,English medium,3,3,2,2,3,3,3,3,2,3,2,3,3,2,2.6,Medium,3,3,2,2,2,0.7999999999999998,0.7999999999999998,1.7999999999999998,1.7999999999999998,1.7999999999999998,1.4,Medium Gap,2,2
239,15-19,Male,English medium,2,3,3,1,1,2,2,2,2,2,4,2,2,2,2.2,Medium,4,2,2,3,3,-0.20000000000000018,1.7999999999999998,1.7999999999999998,0.7999999999999998,0.7999999999999998,0.9999999999999998,Low Gap,2,2
240,15-19,Male,English medium,3,3,2,3,3,3,3,3,3,3,4,4,3,4,2.8,Medium,2,3,2,2,2,1.7999999999999998,0.7999999999999998,1.7999999999999998,1.7999999999999998,1.7999999999999998,1.5999999999999999,Medium Gap,2,2
241,15-19,Female,English medium,2,2,3,2,1,2,3,3,1,2,2,2,3,1,2.2,Medium,3,2,3,3,3,0.7999999999999998,1.7999999999999998,0.7999999999999998,0.7999999999999998,0.7999999999999998,0.9999999999999998,Low Gap,2,2
242,10-14,Male,English medium,3,3,4,2,4,3,2,3,3,3,3,3,3,3,3.0,Medium,3,1,2,2,2,0.7999999999999998,2.8,1.7999999999999998,1.7999999999999998,1.7999999999999998,1.8,Medium Gap,0,2
243,10-14,Female,English medium,2,2,2,2,2,2,2,2,2,2,2,2,2,2,2.0,Medium,3,3,3,3,3,0.7999999999999998,0.7999999999999998,0.7999999999999998,0.7999999999999998,0.7999999999999998,0.7999999999999998,Low Gap,2,1
244,10-14,Female,English medium,2,3,2,2,3,2,3,2,2,2,3,3,3,3,2.2,Medium,3,3,2,3,3,0.7999999999999998,0.7999999999999998,1.7999999999999998,0.7999999999999998,0.7999999999999998,0.9999999999999998,Low Gap,2,2
245,15-19,Male,English medium,1,1,1,1,1,1,1,1,1,1,1,1,1,1,1.0,Low,4,4,4,4,4,-0.20000000000000018,-0.20000000000000018,-0.20000000000000018,-0.20000000000000018,-0.20000000000000018,-0.20000000000000018,Low Gap,1,1
246,15-19,Female,English medium,3,3,2,2,3,1,3,2,1,1,2,3,3,2,2.2,Medium,3,3,2,4,2,0.7999999999999998,0.7999999999999998,1.7999999999999998,-0.20000000000000018,1.7999999999999998,0.9999999999999998,Low Gap,2,2
247,15-19,Male,English medium,2,2,2,2,1,2,3,3,3,2,2,3,2,3,2.0,Medium,3,3,3,3,3,0.7999999999999998,0.7999999999999998,0.7999999999999998,0.7999999999999998,0.7999999999999998,0.7999999999999998,Low Gap,2,1
248,10-14,Male,English medium,2,2,3,2,3,3,3,3,3,3,3,3,3,3,2.4,Medium,3,2,3,2,3,0.7999999999999998,1.7999999999999998,0.7999999999999998,1.7999999999999998,0.7999999999999998,1.1999999999999997,Medium Gap,2,2
249,15-19,Male,English medium,3,3,2,4,2,4,3,3,2,2,4,2,4,5,3.2,Medium,1,3,2,1,2,2.8,0.7999999999999998,1.7999999999999998,2.8,1.7999999999999998,2.0,Medium Gap,0,0
250,20-25,Male,Both,2,4,2,2,5,1,3,1,3,3,4,5,5,2,2.2,Medium,3,3,1,4,3,0.7999999999999998,0.7999999999999998,2.8,-0.20000000000000018,0.7999999999999998,0.9999999999999998,Low Gap,2,2
251,15-19,Female,English medium,2,2,3,2,2,3,3,3,2,3,4,3,3,4,2.4,Medium,3,2,3,2,3,0.7999999999999998,1.7999999999999998,0.7999999999999998,1.7999999999999998,0.7999999999999998,1.1999999999999997,Medium Gap,2,2
252,10-14,Female,English medium,3,3,4,3,3,4,4,4,4,3,4,4,4,4,3.4,Medium,2,1,2,1,2,1.7999999999999998,2.8,1.7999999999999998,2.8,1.7999999999999998,2.2,High Gap,0,0
253,15-19,Female,English medium,1,2,3,5,2,1,3,1,2,3,5,4,3,4,2.4,Medium,0,2,3,4,4,3.8,1.7999999999999998,0.7999999999999998,-0.20000000000000018,-0.20000000000000018,1.1999999999999997,Medium Gap,2,2
254,15-19,Male,English medium,1,2,1,2,3,4,5,5,4,3,2,1,5,4,2.0,Medium,3,4,3,1,4,0.7999999999999998,-0.20000000000000018,0.7999999999999998,2.8,-0.20000000000000018,0.7999999999999998,Low Gap,2,1
255,10-14,Male,English medium,2,1,2,3,2,3,2,2,3,2,3,2,3,2,2.2,Medium,2,3,4,2,3,1.7999999999999998,0.7999999999999998,-0.20000000000000018,1.7999999999999998,0.7999999999999998,0.9999999999999998,Low Gap,2,2
256,15-19,Male,Telugu medium,1,2,1,1,1,1,1,1,1,4,1,1,1,1,1.2,Low,4,4,3,4,4,-0.20000000000000018,-0.20000000000000018,0.7999999999999998,-0.20000000000000018,-0.20000000000000018,-1.7763568394002506e-16,Low Gap,1,1
257,under 10,Male,Telugu medium,5,3,4,3,3,2,2,3,5,2,4,4,4,1,3.4,Medium,2,1,2,3,0,1.7999999999999998,2.8,1.7999999999999998,0.7999999999999998,3.8,2.2,High Gap,0,0
258,10-14,Male,Telugu medium,2,2,2,1,2,2,3,2,3,2,1,1,1,1,1.8,Low,4,3,3,3,3,-0.20000000000000018,0.7999999999999998,0.7999999999999998,0.7999999999999998,0.7999999999999998,0.5999999999999999,Low Gap,1,1
259,15-19,Male,English medium,3,3,4,4,3,4,4,4,3,3,4,4,4,3,3.6,High,1,1,2,1,2,2.8,2.8,1.7999999999999998,2.8,1.7999999999999998,2.4,High Gap,0,0
260,15-19,Female,English medium,2,2,3,1,2,2,3,4,2,2,4,3,2,4,2.0,Medium,4,2,3,3,3,-0.20000000000000018,1.7999999999999998,0.7999999999999998,0.7999999999999998,0.7999999999999998,0.7999999999999998,Low Gap,2,1
261,10-14,Female,English medium,2,2,2,2,2,2,2,2,2,2,2,2,2,2,2.0,Medium,3,3,3,3,3,0.7999999999999998,0.7999999999999998,0.7999999999999998,0.7999999999999998,0.7999999999999998,0.7999999999999998,Low Gap,2,1
262,15-19,Female,English medium,4,4,4,2,4,2,2,2,2,2,2,2,2,2,3.2,Medium,3,1,1,3,1,0.7999999999999998,2.8,2.8,0.7999999999999998,2.8,2.0,Medium Gap,0,2
263,20-25,Male,English medium,2,4,2,2,4,2,2,2,2,2,2,2,2,2,2.4,Medium,3,3,1,3,3,0.7999999999999998,0.7999999999999998,2.8,0.7999999999999998,0.7999999999999998,1.1999999999999997,Medium Gap,2,2
264,15-19,Female,English medium,1,2,2,1,2,2,3,2,1,2,2,2,3,2,1.6,Low,4,3,3,3,4,-0.20000000000000018,0.7999999999999998,0.7999999999999998,0.7999999999999998,-0.20000000000000018,0.3999999999999998,Low Gap,1,1
265,15-19,Female,English medium,2,2,2,2,2,2,3,4,2,3,3,4,3,4,2.0,Medium,3,3,3,3,3,0.7999999999999998,0.7999999999999998,0.7999999999999998,0.7999999999999998,0.7999999999999998,0.7999999999999998,Low Gap,2,1
266,15-19,Male,English medium,3,4,2,3,2,1,1,3,3,5,4,3,3,3,2.6,Medium,2,3,1,4,2,1.7999999999999998,0.7999999999999998,2.8,-0.20000000000000018,1.7999999999999998,1.4,Medium Gap,2,2
267,10-14,Female,English medium,3,4,2,3,3,3,2,4,1,4,3,3,2,3,3.0,Medium,2,3,1,2,2,1.7999999999999998,0.7999999999999998,2.8,1.7999999999999998,1.7999999999999998,1.8,Medium Gap,0,2
268,15-19,Female,English medium,2,2,2,3,3,2,2,3,4,3,3,4,3,4,2.2,Medium,2,3,3,3,3,1.7999999999999998,0.7999999999999998,0.7999999999999998,0.7999999999999998,0.7999999999999998,0.9999999999999998,Low Gap,2,2
269,20-25,Male,English medium,1,1,1,1,1,1,1,1,5,1,1,1,1,1,1.0,Low,4,4,4,4,4,-0.20000000000000018,-0.20000000000000018,-0.20000000000000018,-0.20000000000000018,-0.20000000000000018,-0.20000000000000018,Low Gap,1,1
270,20-25,Male,English medium,3,4,3,3,3,4,3,4,3,3,2,3,3,3,3.4,Medium,2,2,1,1,2,1.7999999999999998,1.7999999999999998,2.8,2.8,1.7999999999999998,2.2,High Gap,0,0
271,15-19,Male,English medium,3,3,2,2,3,3,3,4,3,2,2,4,5,1,2.6,Medium,3,3,2,2,2,0.7999999999999998,0.7999999999999998,1.7999999999999998,1.7999999999999998,1.7999999999999998,1.4,Medium Gap,2,2
272,20-25,Male,English medium,2,2,3,2,4,3,2,2,4,3,3,3,4,3,2.4,Medium,3,2,3,2,3,0.7999999999999998,1.7999999999999998,0.7999999999999998,1.7999999999999998,0.7999999999999998,1.1999999999999997,Medium Gap,2,2
273,15-19,Male,English medium,3,2,2,2,2,3,3,3,2,2,3,4,2,2,2.4,Medium,3,3,3,2,2,0.7999999999999998,0.7999999999999998,0.7999999999999998,1.7999999999999998,1.7999999999999998,1.1999999999999997,Medium Gap,2,2
274,15-19,Male,English medium,2,2,2,2,2,2,2,2,2,2,2,2,3,2,2.0,Medium,3,3,3,3,3,0.7999999999999998,0.7999999999999998,0.7999999999999998,0.7999999999999998,0.7999999999999998,0.7999999999999998,Low Gap,2,1
275,10-14,Male,English medium,3,2,1,2,2,1,2,2,1,2,4,2,3,2,1.8,Low,3,4,3,4,2,0.7999999999999998,-0.20000000000000018,0.7999999999999998,-0.20000000000000018,1.7999999999999998,0.5999999999999999,Low Gap,1,1
276,15-19,Male,English medium,2,3,2,3,3,3,4,3,3,2,3,2,3,4,2.6,Medium,2,3,2,2,3,1.7999999999999998,0.7999999999999998,1.7999999999999998,1.7999999999999998,0.7999999999999998,1.4,Medium Gap,2,2
277,10-14,Male,Telugu medium,1,2,1,1,1,4,2,4,3,5,4,4,3,3,1.8,Low,4,4,3,1,4,-0.20000000000000018,-0.20000000000000018,0.7999999999999998,2.8,-0.20000000000000018,0.5999999999999999,Low Gap,1,1
278,15-19,Male,English medium,3,4,3,3,5,4,4,2,3,2,4,3,4,5,3.4,Medium,2,2,1,1,2,1.7999999999999998,1.7999999999999998,2.8,2.8,1.7999999999999998,2.2,High Gap,0,0
279,15-19,Male,English medium,1,1,1,1,1,1,1,1,1,1,1,1,1,1,1.0,Low,4,4,4,4,4,-0.20000000000000018,-0.20000000000000018,-0.20000000000000018,-0.20000000000000018,-0.20000000000000018,-0.20000000000000018,Low Gap,1,1
280,20-25,Male,English medium,1,2,1,1,1,1,2,1,1,1,1,1,1,2,1.2,Low,4,4,3,4,4,-0.20000000000000018,-0.20000000000000018,0.7999999999999998,-0.20000000000000018,-0.20000000000000018,-1.7763568394002506e-16,Low Gap,1,1
281,15-19,Male,English medium,4,4,4,4,4,5,4,4,3,4,3,5,2,4,4.2,High,1,1,1,0,1,2.8,2.8,2.8,3.8,2.8,3.0,High Gap,0,0
282,15-19,Male,English medium,1,2,2,2,2,2,2,2,2,2,2,2,2,2,1.8,Low,3,3,3,3,4,0.7999999999999998,0.7999999999999998,0.7999999999999998,0.7999999999999998,-0.20000000000000018,0.5999999999999999,Low Gap,1,1
283,15-19,Female,English medium,2,2,3,2,2,2,3,2,1,2,2,2,2,2,2.2,Medium,3,2,3,3,3,0.7999999999999998,1.7999999999999998,0.7999999999999998,0.7999999999999998,0.7999999999999998,0.9999999999999998,Low Gap,2,2
284,15-19,Female,English medium,2,2,2,2,1,2,3,1,2,2,4,5,5,5,2.0,Medium,3,3,3,3,3,0.7999999999999998,0.7999999999999998,0.7999999999999998,0.7999999999999998,0.7999999999999998,0.7999999999999998,Low Gap,2,1
285,20-25,Male,English medium,2,2,2,2,2,2,2,2,2,2,2,2,2,2,2.0,Medium,3,3,3,3,3,0.7999999999999998,0.7999999999999998,0.7999999999999998,0.7999999999999998,0.7999999999999998,0.7999999999999998,Low Gap,2,1
286,20-25,Male,English medium,5,4,2,3,3,4,4,5,3,2,2,4,4,4,3.6,High,2,3,1,1,0,1.7999999999999998,0.7999999999999998,2.8,2.8,3.8,2.4,High Gap,0,0
287,20-25,Male,English medium,1,2,1,1,1,1,3,1,5,1,3,4,2,2,1.2,Low,4,4,3,4,4,-0.20000000000000018,-0.20000000000000018,0.7999999999999998,-0.20000000000000018,-0.20000000000000018,-1.7763568394002506e-16,Low Gap,1,1
288,10-14,Male,English medium,2,2,2,2,2,2,3,2,3,4,2,2,2,3,2.0,Medium,3,3,3,3,3,0.7999999999999998,0.7999999999999998,0.7999999999999998,0.7999999999999998,0.7999999999999998,0.7999999999999998,Low Gap,2,1
289,15-19,Male,English medium,1,1,2,1,1,1,1,1,1,1,3,2,2,2,1.2,Low,4,3,4,4,4,-0.20000000000000018,0.7999999999999998,-0.20000000000000018,-0.20000000000000018,-0.20000000000000018,-1.7763568394002506e-16,Low Gap,1,1
290,15-19,Male,English medium,1,2,1,1,2,2,2,1,3,3,3,3,3,2,1.4,Low,4,4,3,3,4,-0.20000000000000018,-0.20000000000000018,0.7999999999999998,0.7999999999999998,-0.20000000000000018,0.19999999999999982,Low Gap,1,1
291,15-19,Male,English medium,1,1,1,1,3,2,4,1,5,1,3,2,2,1,1.2,Low,4,4,4,3,4,-0.20000000000000018,-0.20000000000000018,-0.20000000000000018,0.7999999999999998,-0.20000000000000018,-1.7763568394002506e-16,Low Gap,1,1
292,10-14,Male,English medium,2,3,2,2,3,3,2,2,2,3,2,3,2,3,2.4,Medium,3,3,2,2,3,0.7999999999999998,0.7999999999999998,1.7999999999999998,1.7999999999999998,0.7999999999999998,1.1999999999999997,Medium Gap,2,2
293,10-14,Female,English medium,3,2,3,3,2,2,3,3,2,3,3,2,3,2,2.6,Medium,2,2,3,3,2,1.7999999999999998,1.7999999999999998,0.7999999999999998,0.7999999999999998,1.7999999999999998,1.4,Medium Gap,2,2
294,20-25,Male,Telugu medium,1,1,1,1,1,1,1,1,1,1,1,1,1,1,1.0,Low,4,4,4,4,4,-0.20000000000000018,-0.20000000000000018,-0.20000000000000018,-0.20000000000000018,-0.20000000000000018,-0.20000000000000018,Low Gap,1,1
295,10-14,Female,English medium,3,3,3,2,2,2,3,3,2,3,3,2,3,2,2.6,Medium,3,2,2,3,2,0.7999999999999998,1.7999999999999998,1.7999999999999998,0.7999999999999998,1.7999999999999998,1.4,Medium Gap,2,2
296,10-14,Male,English medium,3,2,3,5,5,4,2,1,1,2,3,2,2,2,3.4,Medium,0,2,3,1,2,3.8,1.7999999999999998,0.7999999999999998,2.8,1.7999999999999998,2.2,High Gap,0,0
297,10-14,Male,English medium,3,4,2,4,4,4,3,3,3,3,3,3,3,3,3.4,Medium,1,3,1,1,2,2.8,0.7999999999999998,2.8,2.8,1.7999999999999998,2.2,High Gap,0,0
298,under 10,Female,English medium,1,2,3,3,3,2,3,2,3,2,3,3,3,2,2.2,Medium,2,2,3,3,4,1.7999999999999998,1.7999999999999998,0.7999999999999998,0.7999999999999998,-0.20000000000000018,0.9999999999999998,Low Gap,2,2
299,20-25,Male,English medium,1,2,2,2,3,3,3,2,3,2,3,3,3,2,2.0,Medium,3,3,3,2,4,0.7999999999999998,0.7999999999999998,0.7999999999999998,1.7999999999999998,-0.20000000000000018,0.7999999999999998,Low Gap,2,1
300,Above 25,Female,English medium,2,3,3,3,3,3,2,3,4,4,3,3,2,3,2.8,Medium,2,2,2,2,3,1.7999999999999998,1.7999999999999998,1.7999999999999998,1.7999999999999998,0.7999999999999998,1.5999999999999999,Medium Gap,2,2
301,15-19,Male,English medium,1,2,3,3,3,3,4,3,3,2,4,2,4,3,2.4,Medium,2,2,3,2,4,1.7999999999999998,1.7999999999999998,0.7999999999999998,1.7999999999999998,-0.20000000000000018,1.1999999999999997,Medium Gap,2,2
302,Above 25,Male,English medium,2,4,2,5,4,2,1,5,1,5,4,3,3,3,3.0,Medium,0,3,1,3,3,3.8,0.7999999999999998,2.8,0.7999999999999998,0.7999999999999998,1.8,Medium Gap,0,2
303,20-25,Female,Both,1,4,3,2,4,2,3,3,5,5,2,3,3,2,2.4,Medium,3,2,1,3,4,0.7999999999999998,1.7999999999999998,2.8,0.7999999999999998,-0.20000000000000018,1.1999999999999997,Medium Gap,2,2
304,10-14,Male,English medium,5,3,5,5,4,5,5,5,5,5,5,3,4,1,4.6,High,0,0,2,0,0,3.8,3.8,1.7999999999999998,3.8,3.8,3.4,High Gap,0,0
305,10-14,Male,English medium,5,3,5,5,3,5,5,5,5,5,5,5,4,5,4.6,High,0,0,2,0,0,3.8,3.8,1.7999999999999998,3.8,3.8,3.4,High Gap,0,0
306,20-25,Female,English medium,1,2,1,1,1,1,3,5,5,1,3,1,2,1,1.2,Low,4,4,3,4,4,-0.20000000000000018,-0.20000000000000018,0.7999999999999998,-0.20000000000000018,-0.20000000000000018,-1.7763568394002506e-16,Low Gap,1,1
307,15-19,Female,English medium,2,2,2,3,2,3,4,4,2,3,3,3,2,3,2.4,Medium,2,3,3,2,3,1.7999999999999998,0.7999999999999998,0.7999999999999998,1.7999999999999998,0.7999999999999998,1.1999999999999997,Medium Gap,2,2
308,15-19,Female,English medium,1,2,1,1,2,2,2,2,2,2,2,2,2,2,1.4,Low,4,4,3,3,4,-0.20000000000000018,-0.20000000000000018,0.7999999999999998,0.7999999999999998,-0.20000000000000018,0.19999999999999982,Low Gap,1,1
309,15-19,Male,English medium,5,3,3,3,3,3,3,4,4,3,2,5,2,4,3.4,Medium,2,2,2,2,0,1.7999999999999998,1.7999999999999998,1.7999999999999998,1.7999999999999998,3.8,2.2,High Gap,0,0
310,15-19,Male,English medium,4,3,4,4,3,4,4,4,5,4,4,4,4,4,3.8,High,1,1,2,1,1,2.8,2.8,1.7999999999999998,2.8,2.8,2.6,High Gap,0,0
311,20-25,Male,English medium,1,3,2,1,3,2,2,1,2,4,4,5,3,4,1.8,Low,4,3,2,3,4,-0.20000000000000018,0.7999999999999998,1.7999999999999998,0.7999999999999998,-0.20000000000000018,0.5999999999999999,Low Gap,1,1
312,15-19,Female,Both,2,3,2,2,3,3,2,2,3,2,3,3,3,2,2.4,Medium,3,3,2,2,3,0.7999999999999998,0.7999999999999998,1.7999999999999998,1.7999999999999998,0.7999999999999998,1.1999999999999997,Medium Gap,2,2
313,15-19,Female,Both,2,3,2,2,3,3,2,2,3,2,3,3,3,2,2.4,Medium,3,3,2,2,3,0.7999999999999998,0.7999999999999998,1.7999999999999998,1.7999999999999998,0.7999999999999998,1.1999999999999997,Medium Gap,2,2
314,15-19,Female,Both,2,3,2,2,3,3,2,2,3,2,3,3,3,2,2.4,Medium,3,3,2,2,3,0.7999999999999998,0.7999999999999998,1.7999999999999998,1.7999999999999998,0.7999999999999998,1.1999999999999997,Medium Gap,2,2
315,15-19,Female,English medium,1,2,1,3,2,2,3,3,1,2,1,1,2,1,1.8,Low,2,4,3,3,4,1.7999999999999998,-0.20000000000000018,0.7999999999999998,0.7999999999999998,-0.20000000000000018,0.5999999999999999,Low Gap,1,1
316,10-14,Male,Both,1,2,1,1,2,2,2,3,1,2,2,2,3,1,1.4,Low,4,4,3,3,4,-0.20000000000000018,-0.20000000000000018,0.7999999999999998,0.7999999999999998,-0.20000000000000018,0.19999999999999982,Low Gap,1,1
317,Above 25,Male,English medium,4,4,4,4,4,4,5,5,4,4,4,4,4,4,4.0,High,1,1,1,1,1,2.8,2.8,2.8,2.8,2.8,2.8,High Gap,0,0
318,10-14,Male,Both,3,1,1,1,2,2,4,5,1,1,2,3,3,3,1.6,Low,4,4,4,3,2,-0.20000000000000018,-0.20000000000000018,-0.20000000000000018,0.7999999999999998,1.7999999999999998,0.3999999999999998,Low Gap,1,1
319,15-19,Female,Both,1,1,1,2,2,1,3,3,1,2,2,1,2,1,1.2,Low,3,4,4,4,4,0.7999999999999998,-0.20000000000000018,-0.20000000000000018,-0.20000000000000018,-0.20000000000000018,-1.7763568394002506e-16,Low Gap,1,1
320,10-14,Female,English medium,1,2,2,2,2,3,2,3,3,3,2,3,1,2,2.0,Medium,3,3,3,2,4,0.7999999999999998,0.7999999999999998,0.7999999999999998,1.7999999999999998,-0.20000000000000018,0.7999999999999998,Low Gap,2,1
321,10-14,Female,English medium,2,2,2,1,2,3,3,3,2,2,2,2,3,2,2.0,Medium,4,3,3,2,3,-0.20000000000000018,0.7999999999999998,0.7999999999999998,1.7999999999999998,0.7999999999999998,0.7999999999999998,Low Gap,2,1
322,15-19,Male,English medium,2,2,2,2,3,2,4,2,3,3,4,3,4,4,2.0,Medium,3,3,3,3,3,0.7999999999999998,0.7999999999999998,0.7999999999999998,0.7999999999999998,0.7999999999999998,0.7999999999999998,Low Gap,2,1
323,15-19,Female,English medium,3,2,1,1,1,3,4,4,1,2,4,3,3,2,2.0,Medium,4,4,3,2,2,-0.20000000000000018,-0.20000000000000018,0.7999999999999998,1.7999999999999998,1.7999999999999998,0.7999999999999998,Low Gap,2,1
324,15-19,Female,English medium,1,2,1,1,1,1,1,1,1,1,1,1,1,1,1.2,Low,4,4,3,4,4,-0.20000000000000018,-0.20000000000000018,0.7999999999999998,-0.20000000000000018,-0.20000000000000018,-1.7763568394002506e-16,Low Gap,1,1
325,10-14,Male,English medium,2,2,2,2,2,2,2,2,2,2,2,2,2,2,2.0,Medium,3,3,3,3,3,0.7999999999999998,0.7999999999999998,0.7999999999999998,0.7999999999999998,0.7999999999999998,0.7999999999999998,Low Gap,2,1
326,10-14,Female,English medium,1,2,2,4,4,3,4,3,4,4,4,3,2,4,2.4,Medium,1,3,3,2,4,2.8,0.7999999999999998,0.7999999999999998,1.7999999999999998,-0.20000000000000018,1.1999999999999997,Medium Gap,2,2
327,10-14,Female,English medium,4,4,4,3,3,3,4,3,4,4,4,3,3,3,3.6,High,2,1,1,2,1,1.7999999999999998,2.8,2.8,1.7999999999999998,2.8,2.4,High Gap,0,0
328,20-25,Male,English medium,1,1,1,1,1,1,1,1,1,1,1,1,1,1,1.0,Low,4,4,4,4,4,-0.20000000000000018,-0.20000000000000018,-0.20000000000000018,-0.20000000000000018,-0.20000000000000018,-0.20000000000000018,Low Gap,1,1
329,under 10,Female,Telugu medium,2,4,2,3,4,5,4,2,4,4,4,5,4,4,3.2,Medium,2,3,1,0,3,1.7999999999999998,0.7999999999999998,2.8,3.8,0.7999999999999998,2.0,Medium Gap,0,2
330,20-25,Male,English medium,1,1,1,1,1,1,2,1,1,1,5,5,5,1,1.0,Low,4,4,4,4,4,-0.20000000000000018,-0.20000000000000018,-0.20000000000000018,-0.20000000000000018,-0.20000000000000018,-0.20000000000000018,Low Gap,1,1
331,Above 25,Male,English medium,2,3,3,2,3,2,2,2,2,2,3,2,2,2,2.4,Medium,3,2,2,3,3,0.7999999999999998,1.7999999999999998,1.7999999999999998,0.7999999999999998,0.7999999999999998,1.1999999999999997,Medium Gap,2,2
332,20-25,Male,English medium,5,5,5,5,5,5,5,5,5,4,4,5,5,5,5.0,High,0,0,0,0,0,3.8,3.8,3.8,3.8,3.8,3.8,High Gap,0,0
333,Above 25,Female,English medium,2,3,1,1,2,1,3,4,2,1,3,3,3,4,1.6,Low,4,4,2,4,3,-0.20000000000000018,-0.20000000000000018,1.7999999999999998,-0.20000000000000018,0.7999999999999998,0.3999999999999998,Low Gap,1,1
334,20-25,Male,English medium,3,3,4,4,3,4,3,3,3,3,3,3,3,3,3.6,High,1,1,2,1,2,2.8,2.8,1.7999999999999998,2.8,1.7999999999999998,2.4,High Gap,0,0
335,20-25,Male,English medium,4,3,4,4,4,4,4,4,4,4,4,4,4,4,3.8,High,1,1,2,1,1,2.8,2.8,1.7999999999999998,2.8,2.8,2.6,High Gap,0,0
336,20-25,Male,English medium,2,3,3,2,3,3,2,1,1,3,3,2,3,2,2.6,Medium,3,2,2,2,3,0.7999999999999998,1.7999999999999998,1.7999999999999998,1.7999999999999998,0.7999999999999998,1.4,Medium Gap,2,2
337,15-19,Male,English medium,2,3,2,3,3,3,3,2,2,3,3,4,3,3,2.6,Medium,2,3,2,2,3,1.7999999999999998,0.7999999999999998,1.7999999999999998,1.7999999999999998,0.7999999999999998,1.4,Medium Gap,2,2
338,15-19,Male,English medium,1,1,1,1,1,1,2,1,2,1,3,4,3,2,1.0,Low,4,4,4,4,4,-0.20000000000000018,-0.20000000000000018,-0.20000000000000018,-0.20000000000000018,-0.20000000000000018,-0.20000000000000018,Low Gap,1,1
339,15-19,Male,English medium,2,3,2,2,1,1,3,2,2,2,3,3,3,1,2.0,Medium,3,3,2,4,3,0.7999999999999998,0.7999999999999998,1.7999999999999998,-0.20000000000000018,0.7999999999999998,0.7999999999999998,Low Gap,2,1
340,20-25,Male,English medium,3,3,3,3,3,3,3,3,3,3,2,3,3,3,3.0,Medium,2,2,2,2,2,1.7999999999999998,1.7999999999999998,1.7999999999999998,1.7999999999999998,1.7999999999999998,1.8,Medium Gap,0,2
341,20-25,Male,English medium,1,2,2,1,2,2,2,1,2,4,2,2,1,5,1.6,Low,4,3,3,3,4,-0.20000000000000018,0.7999999999999998,0.7999999999999998,0.7999999999999998,-0.20000000000000018,0.3999999999999998,Low Gap,1,1
342,20-25,Male,English medium,2,2,2,2,2,2,2,2,2,2,2,2,2,2,2.0,Medium,3,3,3,3,3,0.7999999999999998,0.7999999999999998,0.7999999999999998,0.7999999999999998,0.7999999999999998,0.7999999999999998,Low Gap,2,1
343,10-14,Male,English medium,3,2,2,2,3,4,3,3,3,3,2,3,4,5,2.6,Medium,3,3,3,1,2,0.7999999999999998,0.7999999999999998,0.7999999999999998,2.8,1.7999999999999998,1.4,Medium Gap,2,2
344,15-19,Male,English medium,4,3,3,4,5,4,4,5,5,5,5,5,5,5,3.6,High,1,2,2,1,1,2.8,1.7999999999999998,1.7999999999999998,2.8,2.8,2.4,High Gap,0,0
345,20-25,Male,English medium,2,2,2,2,2,2,2,1,2,2,2,2,2,2,2.0,Medium,3,3,3,3,3,0.7999999999999998,0.7999999999999998,0.7999999999999998,0.7999999999999998,0.7999999999999998,0.7999999999999998,Low Gap,2,1
346,20-25,Male,English medium,3,3,3,3,5,5,5,5,5,5,5,5,5,5,3.4,Medium,2,2,2,0,2,1.7999999999999998,1.7999999999999998,1.7999999999999998,3.8,1.7999999999999998,2.2,High Gap,0,0
347,20-25,Female,English medium,3,3,3,3,3,3,3,3,3,3,4,3,4,4,3.0,Medium,2,2,2,2,2,1.7999999999999998,1.7999999999999998,1.7999999999999998,1.7999999999999998,1.7999999999999998,1.8,Medium Gap,0,2
348,15-19,Male,English medium,1,1,1,1,1,1,1,1,5,1,1,1,1,1,1.0,Low,4,4,4,4,4,-0.20000000000000018,-0.20000000000000018,-0.20000000000000018,-0.20000000000000018,-0.20000000000000018,-0.20000000000000018,Low Gap,1,1
349,20-25,Female,English medium,1,3,3,2,3,3,3,2,2,2,2,2,2,3,2.4,Medium,3,2,2,2,4,0.7999999999999998,1.7999999999999998,1.7999999999999998,1.7999999999999998,-0.20000000000000018,1.1999999999999997,Medium Gap,2,2
350,20-25,Male,English medium,1,3,2,2,1,2,1,1,1,1,1,1,1,1,2.0,Medium,3,3,2,3,4,0.7999999999999998,0.7999999999999998,1.7999999999999998,0.7999999999999998,-0.20000000000000018,0.7999999999999998,Low Gap,2,1
351,20-25,Male,English medium,1,4,3,1,4,3,1,4,3,3,1,3,4,3,2.4,Medium,4,2,1,2,4,-0.20000000000000018,1.7999999999999998,2.8,1.7999999999999998,-0.20000000000000018,1.1999999999999997,Medium Gap,2,2
352,20-25,Male,English medium,1,1,1,1,1,1,1,1,1,1,1,1,1,1,1.0,Low,4,4,4,4,4,-0.20000000000000018,-0.20000000000000018,-0.20000000000000018,-0.20000000000000018,-0.20000000000000018,-0.20000000000000018,Low Gap,1,1
353,20-25,Male,English medium,1,3,1,1,2,1,3,1,5,1,1,1,1,1,1.4,Low,4,4,2,4,4,-0.20000000000000018,-0.20000000000000018,1.7999999999999998,-0.20000000000000018,-0.20000000000000018,0.19999999999999982,Low Gap,1,1
354,20-25,Male,English medium,3,3,2,2,3,2,2,1,2,2,2,3,3,2,2.4,Medium,3,3,2,3,2,0.7999999999999998,0.7999999999999998,1.7999999999999998,0.7999999999999998,1.7999999999999998,1.1999999999999997,Medium Gap,2,2
355,20-25,Male,English medium,1,3,1,1,2,2,2,1,5,3,4,3,2,3,1.6,Low,4,4,2,3,4,-0.20000000000000018,-0.20000000000000018,1.7999999999999998,0.7999999999999998,-0.20000000000000018,0.3999999999999998,Low Gap,1,1
356,15-19,Male,English medium,3,3,2,2,2,2,2,2,1,2,1,2,2,2,2.4,Medium,3,3,2,3,2,0.7999999999999998,0.7999999999999998,1.7999999999999998,0.7999999999999998,1.7999999999999998,1.1999999999999997,Medium Gap,2,2
357,15-19,Male,English medium,4,4,4,4,5,5,5,5,4,4,4,4,4,4,4.2,High,1,1,1,0,1,2.8,2.8,2.8,3.8,2.8,3.0,High Gap,0,0
358,20-25,Male,Both,2,2,2,2,3,2,3,3,2,3,2,2,2,2,2.0,Medium,3,3,3,3,3,0.7999999999999998,0.7999999999999998,0.7999999999999998,0.7999999999999998,0.7999999999999998,0.7999999999999998,Low Gap,2,1
359,20-25,Male,English medium,2,4,2,1,1,1,4,3,4,1,1,3,3,2,2.0,Medium,4,3,1,4,3,-0.20000000000000018,0.7999999999999998,2.8,-0.20000000000000018,0.7999999999999998,0.7999999999999998,Low Gap,2,1
360,20-25,Male,English medium,1,1,1,1,1,1,1,1,1,1,1,1,1,1,1.0,Low,4,4,4,4,4,-0.20000000000000018,-0.20000000000000018,-0.20000000000000018,-0.20000000000000018,-0.20000000000000018,-0.20000000000000018,Low Gap,1,1
361,20-25,Male,English medium,2,2,2,2,2,2,2,2,2,4,3,2,3,2,2.0,Medium,3,3,3,3,3,0.7999999999999998,0.7999999999999998,0.7999999999999998,0.7999999999999998,0.7999999999999998,0.7999999999999998,Low Gap,2,1
362,15-19,Male,Both,3,4,3,4,3,4,3,4,3,4,3,4,3,3,3.6,High,1,2,1,1,2,2.8,1.7999999999999998,2.8,2.8,1.7999999999999998,2.4,High Gap,0,0
363,15-19,Male,English medium,1,2,2,2,2,2,2,2,2,2,2,2,2,2,1.8,Low,3,3,3,3,4,0.7999999999999998,0.7999999999999998,0.7999999999999998,0.7999999999999998,-0.20000000000000018,0.5999999999999999,Low Gap,1,1
364,15-19,Male,Both,3,4,3,4,3,4,3,4,3,4,3,4,3,4,3.6,High,1,2,1,1,2,2.8,1.7999999999999998,2.8,2.8,1.7999999999999998,2.4,High Gap,0,0
365,20-25,Male,English medium,1,3,3,5,3,4,3,3,5,1,5,5,5,4,3.2,Medium,0,2,2,1,4,3.8,1.7999999999999998,1.7999999999999998,2.8,-0.20000000000000018,2.0,Medium Gap,0,2
366,15-19,Female,English medium,2,2,2,2,2,2,3,2,2,2,2,2,2,2,2.0,Medium,3,3,3,3,3,0.7999999999999998,0.7999999999999998,0.7999999999999998,0.7999999999999998,0.7999999999999998,0.7999999999999998,Low Gap,2,1
367,15-19,Male,English medium,3,4,3,3,4,4,5,5,4,5,5,5,5,4,3.4,Medium,2,2,1,1,2,1.7999999999999998,1.7999999999999998,2.8,2.8,1.7999999999999998,2.2,High Gap,0,0
368,20-25,Male,English medium,3,4,3,2,2,3,3,3,3,2,4,3,2,2,3.0,Medium,3,2,1,2,2,0.7999999999999998,1.7999999999999998,2.8,1.7999999999999998,1.7999999999999998,1.8,Medium Gap,0,2
369,20-25,Male,English medium,2,1,1,1,1,1,1,2,5,3,3,3,3,3,1.2,Low,4,4,4,4,3,-0.20000000000000018,-0.20000000000000018,-0.20000000000000018,-0.20000000000000018,0.7999999999999998,-1.7763568394002506e-16,Low Gap,1,1
370,15-19,Male,English medium,1,2,1,1,1,1,3,1,3,1,1,4,2,2,1.2,Low,4,4,3,4,4,-0.20000000000000018,-0.20000000000000018,0.7999999999999998,-0.20000000000000018,-0.20000000000000018,-1.7763568394002506e-16,Low Gap,1,1
371,15-19,Male,English medium,2,2,2,2,2,1,4,3,2,2,3,3,3,1,1.8,Low,3,3,3,4,3,0.7999999999999998,0.7999999999999998,0.7999999999999998,-0.20000000000000018,0.7999999999999998,0.5999999999999999,Low Gap,1,1
372,20-25,Male,English medium,1,3,1,1,1,1,1,1,5,1,1,1,1,1,1.4,Low,4,4,2,4,4,-0.20000000000000018,-0.20000000000000018,1.7999999999999998,-0.20000000000000018,-0.20000000000000018,0.19999999999999982,Low Gap,1,1
373,20-25,Female,English medium,1,1,1,1,1,1,1,1,5,1,1,1,1,1,1.0,Low,4,4,4,4,4,-0.20000000000000018,-0.20000000000000018,-0.20000000000000018,-0.20000000000000018,-0.20000000000000018,-0.20000000000000018,Low Gap,1,1
374,20-25,Female,English medium,1,1,1,1,1,1,1,1,1,1,1,1,1,1,1.0,Low,4,4,4,4,4,-0.20000000000000018,-0.20000000000000018,-0.20000000000000018,-0.20000000000000018,-0.20000000000000018,-0.20000000000000018,Low Gap,1,1
375,15-19,Male,English medium,2,2,2,2,1,2,3,2,2,2,3,3,3,3,2.0,Medium,3,3,3,3,3,0.7999999999999998,0.7999999999999998,0.7999999999999998,0.7999999999999998,0.7999999999999998,0.7999999999999998,Low Gap,2,1
376,20-25,Male,English medium,3,3,3,2,3,2,3,2,2,3,3,3,3,3,2.6,Medium,3,2,2,3,2,0.7999999999999998,1.7999999999999998,1.7999999999999998,0.7999999999999998,1.7999999999999998,1.4,Medium Gap,2,2
377,20-25,Male,English medium,1,1,1,2,1,1,3,1,5,1,1,1,1,1,1.2,Low,3,4,4,4,4,0.7999999999999998,-0.20000000000000018,-0.20000000000000018,-0.20000000000000018,-0.20000000000000018,-1.7763568394002506e-16,Low Gap,1,1
378,15-19,Female,Telugu medium,1,1,1,1,1,1,1,1,5,1,1,1,1,1,1.0,Low,4,4,4,4,4,-0.20000000000000018,-0.20000000000000018,-0.20000000000000018,-0.20000000000000018,-0.20000000000000018,-0.20000000000000018,Low Gap,1,1
379,15-19,Male,English medium,1,3,2,1,1,1,1,1,1,1,1,1,1,1,1.6,Low,4,3,2,4,4,-0.20000000000000018,0.7999999999999998,1.7999999999999998,-0.20000000000000018,-0.20000000000000018,0.3999999999999998,Low Gap,1,1
380,20-25,Male,English medium,1,1,1,1,1,1,1,1,1,1,1,1,1,1,1.0,Low,4,4,4,4,4,-0.20000000000000018,-0.20000000000000018,-0.20000000000000018,-0.20000000000000018,-0.20000000000000018,-0.20000000000000018,Low Gap,1,1
381,20-25,Male,English medium,2,4,3,1,1,2,1,2,3,5,5,5,5,2,2.4,Medium,4,2,1,3,3,-0.20000000000000018,1.7999999999999998,2.8,0.7999999999999998,0.7999999999999998,1.1999999999999997,Medium Gap,2,2
382,15-19,Male,English medium,2,2,1,1,1,2,1,1,2,2,3,3,3,3,1.6,Low,4,4,3,3,3,-0.20000000000000018,-0.20000000000000018,0.7999999999999998,0.7999999999999998,0.7999999999999998,0.3999999999999998,Low Gap,1,1
383,15-19,Male,Both,2,4,2,3,4,4,4,2,4,5,4,5,4,4,3.0,Medium,2,3,1,1,3,1.7999999999999998,0.7999999999999998,2.8,2.8,0.7999999999999998,1.8,Medium Gap,0,2
384,20-25,Male,Telugu medium,1,2,2,4,3,1,3,2,2,4,2,1,4,1,2.0,Medium,1,3,3,4,4,2.8,0.7999999999999998,0.7999999999999998,-0.20000000000000018,-0.20000000000000018,0.7999999999999998,Low Gap,2,1
385,15-19,Male,English medium,1,1,1,1,1,1,1,1,1,1,1,1,1,1,1.0,Low,4,4,4,4,4,-0.20000000000000018,-0.20000000000000018,-0.20000000000000018,-0.20000000000000018,-0.20000000000000018,-0.20000000000000018,Low Gap,1,1
386,15-19,Male,English medium,1,1,1,1,1,1,3,1,1,3,3,1,1,2,1.0,Low,4,4,4,4,4,-0.20000000000000018,-0.20000000000000018,-0.20000000000000018,-0.20000000000000018,-0.20000000000000018,-0.20000000000000018,Low Gap,1,1
387,15-19,Male,Both,4,4,4,4,5,4,4,5,4,5,4,4,5,4,4.0,High,1,1,1,1,1,2.8,2.8,2.8,2.8,2.8,2.8,High Gap,0,0
388,15-19,Male,English medium,1,1,1,1,1,1,2,1,5,1,1,1,1,1,1.0,Low,4,4,4,4,4,-0.20000000000000018,-0.20000000000000018,-0.20000000000000018,-0.20000000000000018,-0.20000000000000018,-0.20000000000000018,Low Gap,1,1
389,15-19,Male,English medium,2,2,1,2,3,2,4,2,1,2,2,2,2,1,1.8,Low,3,4,3,3,3,0.7999999999999998,-0.20000000000000018,0.7999999999999998,0.7999999999999998,0.7999999999999998,0.5999999999999999,Low Gap,1,1
390,20-25,Male,English medium,2,3,1,2,4,3,4,3,5,5,5,5,5,5,2.2,Medium,3,4,2,2,3,0.7999999999999998,-0.20000000000000018,1.7999999999999998,1.7999999999999998,0.7999999999999998,0.9999999999999998,Low Gap,2,2
391,15-19,Male,English medium,1,1,1,1,1,1,1,1,3,1,1,1,1,1,1.0,Low,4,4,4,4,4,-0.20000000000000018,-0.20000000000000018,-0.20000000000000018,-0.20000000000000018,-0.20000000000000018,-0.20000000000000018,Low Gap,1,1
392,15-19,Male,English medium,1,2,1,1,3,1,3,2,2,1,3,3,3,3,1.2,Low,4,4,3,4,4,-0.20000000000000018,-0.20000000000000018,0.7999999999999998,-0.20000000000000018,-0.20000000000000018,-1.7763568394002506e-16,Low Gap,1,1
393,15-19,Male,English medium,4,3,3,5,4,4,3,4,4,4,4,4,3,4,3.8,High,0,2,2,1,1,3.8,1.7999999999999998,1.7999999999999998,2.8,2.8,2.6,High Gap,0,0
394,15-19,Male,English medium,1,1,1,1,1,1,1,1,5,1,1,1,1,1,1.0,Low,4,4,4,4,4,-0.20000000000000018,-0.20000000000000018,-0.20000000000000018,-0.20000000000000018,-0.20000000000000018,-0.20000000000000018,Low Gap,1,1
395,15-19,Male,Both,1,1,1,1,2,3,4,3,4,2,3,2,2,2,1.4,Low,4,4,4,2,4,-0.20000000000000018,-0.20000000000000018,-0.20000000000000018,1.7999999999999998,-0.20000000000000018,0.19999999999999982,Low Gap,1,1
396,20-25,Male,English medium,2,3,3,3,3,3,3,4,3,3,4,4,4,4,2.8,Medium,2,2,2,2,3,1.7999999999999998,1.7999999999999998,1.7999999999999998,1.7999999999999998,0.7999999999999998,1.5999999999999999,Medium Gap,2,2
397,15-19,Male,English medium,1,1,2,1,1,1,2,1,4,4,3,5,4,3,1.2,Low,4,3,4,4,4,-0.20000000000000018,0.7999999999999998,-0.20000000000000018,-0.20000000000000018,-0.20000000000000018,-1.7763568394002506e-16,Low Gap,1,1
398,20-25,Male,English medium,2,3,1,2,4,1,4,3,3,3,2,2,1,1,1.8,Low,3,4,2,4,3,0.7999999999999998,-0.20000000000000018,1.7999999999999998,-0.20000000000000018,0.7999999999999998,0.5999999999999999,Low Gap,1,1
399,20-25,Male,English medium,3,3,2,3,4,2,4,3,2,3,3,3,3,2,2.6,Medium,2,3,2,3,2,1.7999999999999998,0.7999999999999998,1.7999999999999998,0.7999999999999998,1.7999999999999998,1.4,Medium Gap,2,2
400,15-19,Male,English medium,2,3,4,2,3,2,3,1,3,3,3,4,3,3,2.6,Medium,3,1,2,3,3,0.7999999999999998,2.8,1.7999999999999998,0.7999999999999998,0.7999999999999998,1.4,Medium Gap,2,2
401,20-25,Male,English medium,3,3,3,3,3,3,3,3,3,3,3,3,3,3,3.0,Medium,2,2,2,2,2,1.7999999999999998,1.7999999999999998,1.7999999999999998,1.7999999999999998,1.7999999999999998,1.8,Medium Gap,0,2
402,15-19,Male,English medium,2,2,2,3,3,3,4,3,3,4,4,4,4,4,2.4,Medium,2,3,3,2,3,1.7999999999999998,0.7999999999999998,0.7999999999999998,1.7999999999999998,0.7999999999999998,1.1999999999999997,Medium Gap,2,2
403,15-19,Male,English medium,2,2,1,1,1,1,3,2,1,1,1,1,1,1,1.4,Low,4,4,3,4,3,-0.20000000000000018,-0.20000000000000018,0.7999999999999998,-0.20000000000000018,0.7999999999999998,0.19999999999999982,Low Gap,1,1
404,15-19,Male,English medium,2,2,2,2,3,3,3,1,3,1,2,3,3,2,2.2,Medium,3,3,3,2,3,0.7999999999999998,0.7999999999999998,0.7999999999999998,1.7999999999999998,0.7999999999999998,0.9999999999999998,Low Gap,2,2
405,15-19,Male,English medium,2,2,1,1,1,1,2,1,1,3,3,3,3,2,1.4,Low,4,4,3,4,3,-0.20000000000000018,-0.20000000000000018,0.7999999999999998,-0.20000000000000018,0.7999999999999998,0.19999999999999982,Low Gap,1,1
406,20-25,Female,English medium,3,3,2,2,2,4,5,3,5,5,5,5,5,4,2.8,Medium,3,3,2,1,2,0.7999999999999998,0.7999999999999998,1.7999999999999998,2.8,1.7999999999999998,1.5999999999999999,Medium Gap,2,2
407,15-19,Male,English medium,3,4,2,2,3,2,2,1,2,3,3,3,3,3,2.6,Medium,3,3,1,3,2,0.7999999999999998,0.7999999999999998,2.8,0.7999999999999998,1.7999999999999998,1.4,Medium Gap,2,2
408,15-19,Male,English medium,3,3,3,2,2,3,5,4,3,1,1,4,5,5,2.8,Medium,3,2,2,2,2,0.7999999999999998,1.7999999999999998,1.7999999999999998,1.7999999999999998,1.7999999999999998,1.5999999999999999,Medium Gap,2,2
409,15-19,Male,English medium,1,1,1,1,1,1,1,1,5,3,4,3,3,3,1.0,Low,4,4,4,4,4,-0.20000000000000018,-0.20000000000000018,-0.20000000000000018,-0.20000000000000018,-0.20000000000000018,-0.20000000000000018,Low Gap,1,1
410,20-25,Female,Both,2,3,2,2,3,2,3,2,2,2,3,3,3,2,2.2,Medium,3,3,2,3,3,0.7999999999999998,0.7999999999999998,1.7999999999999998,0.7999999999999998,0.7999999999999998,0.9999999999999998,Low Gap,2,2
411,20-25,Male,English medium,1,3,2,3,3,3,3,3,3,3,3,3,3,3,2.4,Medium,2,3,2,2,4,1.7999999999999998,0.7999999999999998,1.7999999999999998,1.7999999999999998,-0.20000000000000018,1.1999999999999997,Medium Gap,2,2
412,20-25,Male,English medium,1,2,1,1,2,1,1,1,1,1,2,2,1,1,1.2,Low,4,4,3,4,4,-0.20000000000000018,-0.20000000000000018,0.7999999999999998,-0.20000000000000018,-0.20000000000000018,-1.7763568394002506e-16,Low Gap,1,1
413,15-19,Male,English medium,1,1,1,1,2,1,3,1,1,1,1,1,1,1,1.0,Low,4,4,4,4,4,-0.20000000000000018,-0.20000000000000018,-0.20000000000000018,-0.20000000000000018,-0.20000000000000018,-0.20000000000000018,Low Gap,1,1
414,15-19,Female,English medium,1,2,1,2,1,1,1,1,1,1,1,2,1,3,1.4,Low,3,4,3,4,4,0.7999999999999998,-0.20000000000000018,0.7999999999999998,-0.20000000000000018,-0.20000000000000018,0.19999999999999982,Low Gap,1,1
415,20-25,Male,English medium,1,3,1,1,2,1,3,1,2,1,2,1,1,1,1.4,Low,4,4,2,4,4,-0.20000000000000018,-0.20000000000000018,1.7999999999999998,-0.20000000000000018,-0.20000000000000018,0.19999999999999982,Low Gap,1,1
416,20-25,Female,English medium,5,4,4,4,2,3,1,2,1,3,5,3,2,1,4.0,High,1,1,1,2,0,2.8,2.8,2.8,1.7999999999999998,3.8,2.8,High Gap,0,0
417,20-25,Male,English medium,2,3,3,2,2,3,3,4,2,3,2,2,2,3,2.6,Medium,3,2,2,2,3,0.7999999999999998,1.7999999999999998,1.7999999999999998,1.7999999999999998,0.7999999999999998,1.4,Medium Gap,2,2
418,20-25,Male,English medium,3,3,3,4,2,3,2,4,3,3,4,3,3,3,3.2,Medium,1,2,2,2,2,2.8,1.7999999999999998,1.7999999999999998,1.7999999999999998,1.7999999999999998,2.0,Medium Gap,0,0
419,20-25,Male,English medium,1,2,1,1,2,1,2,1,1,1,2,2,2,2,1.2,Low,4,4,3,4,4,-0.20000000000000018,-0.20000000000000018,0.7999999999999998,-0.20000000000000018,-0.20000000000000018,-1.7763568394002506e-16,Low Gap,1,1
420,20-25,Male,English medium,1,2,1,2,2,3,3,2,2,2,2,2,2,2,1.8,Low,3,4,3,2,4,0.7999999999999998,-0.20000000000000018,0.7999999999999998,1.7999999999999998,-0.20000000000000018,0.5999999999999999,Low Gap,1,1
421,20-25,Male,English medium,3,3,2,2,3,3,3,3,3,3,3,3,3,3,2.6,Medium,3,3,2,2,2,0.7999999999999998,0.7999999999999998,1.7999999999999998,1.7999999999999998,1.7999999999999998,1.4,Medium Gap,2,2
422,20-25,Male,English medium,1,2,1,2,1,1,2,1,1,1,3,4,4,3,1.4,Low,3,4,3,4,4,0.7999999999999998,-0.20000000000000018,0.7999999999999998,-0.20000000000000018,-0.20000000000000018,0.19999999999999982,Low Gap,1,1
423,20-25,Male,English medium,1,5,3,2,3,1,2,3,2,1,2,2,2,2,2.4,Medium,3,2,0,4,4,0.7999999999999998,1.7999999999999998,3.8,-0.20000000000000018,-0.20000000000000018,1.1999999999999997,Medium Gap,2,2
424,20-25,Male,English medium,1,1,1,1,1,1,1,1,1,1,1,1,1,1,1.0,Low,4,4,4,4,4,-0.20000000000000018,-0.20000000000000018,-0.20000000000000018,-0.20000000000000018,-0.20000000000000018,-0.20000000000000018,Low Gap,1,1
425,20-25,Male,English medium,1,1,1,1,1,1,3,2,3,3,3,3,3,3,1.0,Low,4,4,4,4,4,-0.20000000000000018,-0.20000000000000018,-0.20000000000000018,-0.20000000000000018,-0.20000000000000018,-0.20000000000000018,Low Gap,1,1
426,20-25,Male,Both,1,1,1,1,2,1,1,1,1,1,1,1,1,1,1.0,Low,4,4,4,4,4,-0.20000000000000018,-0.20000000000000018,-0.20000000000000018,-0.20000000000000018,-0.20000000000000018,-0.20000000000000018,Low Gap,1,1
427,20-25,Male,English medium,1,1,1,1,1,1,1,1,1,1,2,2,1,2,1.0,Low,4,4,4,4,4,-0.20000000000000018,-0.20000000000000018,-0.20000000000000018,-0.20000000000000018,-0.20000000000000018,-0.20000000000000018,Low Gap,1,1
428,20-25,Male,English medium,2,3,2,2,2,2,3,2,2,2,2,2,2,2,2.2,Medium,3,3,2,3,3,0.7999999999999998,0.7999999999999998,1.7999999999999998,0.7999999999999998,0.7999999999999998,0.9999999999999998,Low Gap,2,2
429,20-25,Male,English medium,1,1,3,5,2,5,1,2,1,2,1,3,2,2,3.0,Medium,0,2,4,0,4,3.8,1.7999999999999998,-0.20000000000000018,3.8,-0.20000000000000018,1.8,Medium Gap,0,2
430,20-25,Male,English medium,3,3,2,2,2,2,3,3,2,3,3,3,3,3,2.4,Medium,3,3,2,3,2,0.7999999999999998,0.7999999999999998,1.7999999999999998,0.7999999999999998,1.7999999999999998,1.1999999999999997,Medium Gap,2,2
431,20-25,Male,Both,3,2,3,3,3,2,2,3,2,3,3,2,2,3,2.6,Medium,2,2,3,3,2,1.7999999999999998,1.7999999999999998,0.7999999999999998,0.7999999999999998,1.7999999999999998,1.4,Medium Gap,2,2
432,20-25,Male,English medium,3,2,5,4,2,1,1,1,3,4,5,1,1,2,3.0,Medium,1,0,3,4,2,2.8,3.8,0.7999999999999998,-0.20000000000000018,1.7999999999999998,1.8,Medium Gap,0,2
433,20-25,Male,English medium,4,4,4,3,4,4,3,4,4,3,4,2,3,3,3.8,High,2,1,1,1,1,1.7999999999999998,2.8,2.8,2.8,2.8,2.6,High Gap,0,0
434,20-25,Male,Both,4,3,2,3,4,3,3,3,4,3,3,2,3,3,3.0,Medium,2,3,2,2,1,1.7999999999999998,0.7999999999999998,1.7999999999999998,1.7999999999999998,2.8,1.8,Medium Gap,0,2
435,20-25,Male,Both,2,3,3,4,4,3,2,1,5,4,5,5,4,3,3.0,Medium,1,2,2,2,3,2.8,1.7999999999999998,1.7999999999999998,1.7999999999999998,0.7999999999999998,1.8,Medium Gap,0,2
436,20-25,Male,Both,3,4,2,3,4,3,2,3,3,2,2,3,2,3,3.0,Medium,2,3,1,2,2,1.7999999999999998,0.7999999999999998,2.8,1.7999999999999998,1.7999999999999998,1.8,Medium Gap,0,2
437,20-25,Male,English medium,2,3,2,2,1,1,1,4,3,2,3,2,3,3,2.0,Medium,3,3,2,4,3,0.7999999999999998,0.7999999999999998,1.7999999999999998,-0.20000000000000018,0.7999999999999998,0.7999999999999998,Low Gap,2,1
438,20-25,Male,Both,2,2,2,2,2,2,2,2,2,2,2,2,2,2,2.0,Medium,3,3,3,3,3,0.7999999999999998,0.7999999999999998,0.7999999999999998,0.7999999999999998,0.7999999999999998,0.7999999999999998,Low Gap,2,1
439,15-19,Female,English medium,2,4,1,5,1,5,1,5,1,5,1,5,1,5,3.4,Medium,0,4,1,0,3,3.8,-0.20000000000000018,2.8,3.8,0.7999999999999998,2.2,High Gap,0,0
440,under 10,Female,English medium,2,2,2,5,5,2,5,5,5,1,4,1,4,3,2.6,Medium,0,3,3,3,3,3.8,0.7999999999999998,0.7999999999999998,0.7999999999999998,0.7999999999999998,1.4,Medium Gap,2,2
441,20-25,Female,English medium,2,1,1,1,1,1,1,1,2,1,1,1,1,1,1.2,Low,4,4,4,4,3,-0.20000000000000018,-0.20000000000000018,-0.20000000000000018,-0.20000000000000018,0.7999999999999998,-1.7763568394002506e-16,Low Gap,1,1
442,10-14,Male,English medium,2,3,4,2,2,2,4,4,3,3,3,2,1,1,2.6,Medium,3,1,2,3,3,0.7999999999999998,2.8,1.7999999999999998,0.7999999999999998,0.7999999999999998,1.4,Medium Gap,2,2
443,10-14,Male,English medium,2,3,4,2,2,2,4,4,3,3,3,2,1,1,2.6,Medium,3,1,2,3,3,0.7999999999999998,2.8,1.7999999999999998,0.7999999999999998,0.7999999999999998,1.4,Medium Gap,2,2
444,20-25,Male,Telugu medium,1,4,3,2,3,3,3,3,3,3,3,3,3,3,2.6,Medium,3,2,1,2,4,0.7999999999999998,1.7999999999999998,2.8,1.7999999999999998,-0.20000000000000018,1.4,Medium Gap,2,2
445,20-25,Male,English medium,1,1,1,1,1,1,1,1,1,2,3,3,2,1,1.0,Low,4,4,4,4,4,-0.20000000000000018,-0.20000000000000018,-0.20000000000000018,-0.20000000000000018,-0.20000000000000018,-0.20000000000000018,Low Gap,1,1
446,20-25,Male,English medium,3,3,3,3,3,3,3,3,3,3,3,3,3,3,3.0,Medium,2,2,2,2,2,1.7999999999999998,1.7999999999999998,1.7999999999999998,1.7999999999999998,1.7999999999999998,1.8,Medium Gap,0,2
447,20-25,Male,English medium,1,2,2,1,1,2,2,1,1,1,2,2,2,3,1.6,Low,4,3,3,3,4,-0.20000000000000018,0.7999999999999998,0.7999999999999998,0.7999999999999998,-0.20000000000000018,0.3999999999999998,Low Gap,1,1
448,20-25,Male,English medium,1,1,1,1,1,1,1,1,1,1,1,1,1,1,1.0,Low,4,4,4,4,4,-0.20000000000000018,-0.20000000000000018,-0.20000000000000018,-0.20000000000000018,-0.20000000000000018,-0.20000000000000018,Low Gap,1,1
449,15-19,Female,English medium,1,2,1,2,2,1,2,2,2,1,3,2,3,2,1.4,Low,3,4,3,4,4,0.7999999999999998,-0.20000000000000018,0.7999999999999998,-0.20000000000000018,-0.20000000000000018,0.19999999999999982,Low Gap,1,1
450,20-25,Male,English medium,3,4,3,3,4,3,3,2,5,2,2,1,1,2,3.2,Medium,2,2,1,2,2,1.7999999999999998,1.7999999999999998,2.8,1.7999999999999998,1.7999999999999998,2.0,Medium Gap,0,2
451,20-25,Male,English medium,3,2,2,3,2,2,3,2,3,4,4,3,3,3,2.4,Medium,2,3,3,3,2,1.7999999999999998,0.7999999999999998,0.7999999999999998,0.7999999999999998,1.7999999999999998,1.1999999999999997,Medium Gap,2,2
452,15-19,Male,Both,4,3,2,5,3,3,1,4,2,2,5,1,4,3,3.4,Medium,0,3,2,2,1,3.8,0.7999999999999998,1.7999999999999998,1.7999999999999998,2.8,2.2,High Gap,0,0
453,15-19,Male,Both,2,3,5,1,1,2,4,1,3,3,2,3,4,3,2.6,Medium,4,0,2,3,3,-0.20000000000000018,3.8,1.7999999999999998,0.7999999999999998,0.7999999999999998,1.4,Medium Gap,2,2
454,15-19,Male,Both,3,3,3,3,3,3,3,3,3,3,3,3,3,3,3.0,Medium,2,2,2,2,2,1.7999999999999998,1.7999999999999998,1.7999999999999998,1.7999999999999998,1.7999999999999998,1.8,Medium Gap,0,2
455,15-19,Male,Both,1,2,1,1,2,1,2,1,1,1,2,1,2,2,1.2,Low,4,4,3,4,4,-0.20000000000000018,-0.20000000000000018,0.7999999999999998,-0.20000000000000018,-0.20000000000000018,-1.7763568394002506e-16,Low Gap,1,1
456,15-19,Male,Both,3,2,3,1,2,2,5,4,2,5,1,1,2,4,2.2,Medium,4,2,3,3,2,-0.20000000000000018,1.7999999999999998,0.7999999999999998,0.7999999999999998,1.7999999999999998,0.9999999999999998,Low Gap,2,2
457,15-19,Male,Both,2,3,2,2,2,2,2,3,2,2,4,4,2,2,2.2,Medium,3,3,2,3,3,0.7999999999999998,0.7999999999999998,1.7999999999999998,0.7999999999999998,0.7999999999999998,0.9999999999999998,Low Gap,2,2
458,15-19,Male,Both,4,5,4,4,4,3,3,5,4,4,3,4,4,5,4.0,High,1,1,0,2,1,2.8,2.8,3.8,1.7999999999999998,2.8,2.8,High Gap,0,0
459,15-19,Male,Both,3,5,1,4,2,3,4,3,5,2,4,4,2,3,3.2,Medium,1,4,0,2,2,2.8,-0.20000000000000018,3.8,1.7999999999999998,1.7999999999999998,2.0,Medium Gap,0,0
460,15-19,Male,Both,4,3,4,3,4,4,5,3,4,4,4,4,4,4,3.6,High,2,1,2,1,1,1.7999999999999998,2.8,1.7999999999999998,2.8,2.8,2.4,High Gap,0,0
461,15-19,Male,Both,4,4,3,4,4,5,4,4,4,4,5,5,5,4,4.0,High,1,2,1,0,1,2.8,1.7999999999999998,2.8,3.8,2.8,2.8,High Gap,0,0
462,15-19,Male,Both,4,4,4,4,4,5,5,4,4,4,4,4,4,4,4.2,High,1,1,1,0,1,2.8,2.8,2.8,3.8,2.8,3.0,High Gap,0,0
463,15-19,Male,Both,4,4,4,4,4,4,4,4,4,4,4,4,4,4,4.0,High,1,1,1,1,1,2.8,2.8,2.8,2.8,2.8,2.8,High Gap,0,0
464,15-19,Male,Both,4,4,4,4,4,4,4,4,4,4,4,4,4,4,4.0,High,1,1,1,1,1,2.8,2.8,2.8,2.8,2.8,2.8,High Gap,0,0
465,15-19,Female,Both,4,3,4,4,4,4,4,4,4,4,4,4,4,4,3.8,High,1,1,2,1,1,2.8,2.8,1.7999999999999998,2.8,2.8,2.6,High Gap,0,0
466,15-19,Female,Both,3,3,4,4,4,4,4,4,4,4,4,4,4,4,3.6,High,1,1,2,1,2,2.8,2.8,1.7999999999999998,2.8,1.7999999999999998,2.4,High Gap,0,0
467,10-14,Male,English medium,4,1,2,3,3,3,4,1,3,3,3,3,3,1,2.6,Medium,2,3,4,2,1,1.7999999999999998,0.7999999999999998,-0.20000000000000018,1.7999999999999998,2.8,1.4,Medium Gap,2,2
468,15-19,Female,English medium,2,2,2,1,2,2,2,2,1,2,2,2,2,2,1.8,Low,4,3,3,3,3,-0.20000000000000018,0.7999999999999998,0.7999999999999998,0.7999999999999998,0.7999999999999998,0.5999999999999999,Low Gap,1,1
469,15-19,Female,English medium,2,1,2,2,2,2,2,3,4,2,3,2,2,2,1.8,Low,3,3,4,3,3,0.7999999999999998,0.7999999999999998,-0.20000000000000018,0.7999999999999998,0.7999999999999998,0.5999999999999999,Low Gap,1,1
470,20-25,Male,English medium,1,1,1,1,1,1,1,1,1,1,1,1,1,1,1.0,Low,4,4,4,4,4,-0.20000000000000018,-0.20000000000000018,-0.20000000000000018,-0.20000000000000018,-0.20000000000000018,-0.20000000000000018,Low Gap,1,1
471,15-19,Male,English medium,2,2,1,2,1,1,2,2,1,1,2,2,1,1,1.6,Low,3,4,3,4,3,0.7999999999999998,-0.20000000000000018,0.7999999999999998,-0.20000000000000018,0.7999999999999998,0.3999999999999998,Low Gap,1,1
472,15-19,Male,English medium,1,2,2,1,1,2,3,2,2,1,1,2,2,1,1.6,Low,4,3,3,3,4,-0.20000000000000018,0.7999999999999998,0.7999999999999998,0.7999999999999998,-0.20000000000000018,0.3999999999999998,Low Gap,1,1
473,10-14,Male,English medium,2,3,4,2,2,2,4,4,3,3,3,2,1,1,2.6,Medium,3,1,2,3,3,0.7999999999999998,2.8,1.7999999999999998,0.7999999999999998,0.7999999999999998,1.4,Medium Gap,2,2
474,15-19,Male,English medium,2,2,2,3,3,2,4,2,2,2,3,3,3,1,2.2,Medium,2,3,3,3,3,1.7999999999999998,0.7999999999999998,0.7999999999999998,0.7999999999999998,0.7999999999999998,0.9999999999999998,Low Gap,2,2
475,15-19,Male,Both,1,1,1,1,1,1,2,1,2,1,2,2,2,2,1.0,Low,4,4,4,4,4,-0.20000000000000018,-0.20000000000000018,-0.20000000000000018,-0.20000000000000018,-0.20000000000000018,-0.20000000000000018,Low Gap,1,1
476,20-25,Male,English medium,2,1,1,1,1,1,1,2,2,2,1,2,2,2,1.2,Low,4,4,4,4,3,-0.20000000000000018,-0.20000000000000018,-0.20000000000000018,-0.20000000000000018,0.7999999999999998,-1.7763568394002506e-16,Low Gap,1,1
477,15-19,Female,English medium,2,4,5,2,4,2,4,3,1,5,2,1,4,2,3.0,Medium,3,0,1,3,3,0.7999999999999998,3.8,2.8,0.7999999999999998,0.7999999999999998,1.8,Medium Gap,0,2
478,15-19,Female,Both,2,1,2,4,2,4,2,2,1,1,1,1,2,4,2.6,Medium,1,3,4,1,3,2.8,0.7999999999999998,-0.20000000000000018,2.8,0.7999999999999998,1.4,Medium Gap,2,2
479,15-19,Female,English medium,2,3,1,2,1,2,3,4,3,2,4,5,5,3,2.0,Medium,3,4,2,3,3,0.7999999999999998,-0.20000000000000018,1.7999999999999998,0.7999999999999998,0.7999999999999998,0.7999999999999998,Low Gap,2,1
480,15-19,Female,Both,3,4,2,2,3,2,4,2,1,2,4,2,3,1,2.6,Medium,3,3,1,3,2,0.7999999999999998,0.7999999999999998,2.8,0.7999999999999998,1.7999999999999998,1.4,Medium Gap,2,2
481,15-19,Female,English medium,3,3,2,5,2,2,3,4,5,4,3,2,4,1,3.0,Medium,0,3,2,3,2,3.8,0.7999999999999998,1.7999999999999998,0.7999999999999998,1.7999999999999998,1.8,Medium Gap,0,2
482,15-19,Female,English medium,3,2,1,3,2,4,4,4,4,3,3,3,3,4,2.6,Medium,2,4,3,1,2,1.7999999999999998,-0.20000000000000018,0.7999999999999998,2.8,1.7999999999999998,1.4,Medium Gap,2,2
